ERROR:pymodbus.logging:Connection to (127.0.0.1, 502) failed: [Errno 111] Connection refused
ERROR:__main__:Nem sikerült csatlakozni!
ERROR:pymodbus.logging:Connection to (127.0.0.1, 502) failed: [Errno 111] Connection refused
ERROR:__main__:Nem sikerült csatlakozni!
ERROR:pymodbus.logging:Connection to (127.0.0.1, 502) failed: [Errno 111] Connection refused
ERROR:__main__:Nem sikerült csatlakozni!
ERROR:pymodbus.logging:Connection to (127.0.0.1, 502) failed: [Errno 111] Connection refused
ERROR:__main__:Nem sikerült csatlakozni!
ERROR:pymodbus.logging:Connection to (127.0.0.1, 502) failed: [Errno 111] Connection refused
ERROR:__main__:Nem sikerült csatlakozni!
ERROR:pymodbus.logging:Connection to (127.0.0.1, 502) failed: [Errno 111] Connection refused
ERROR:__main__:Nem sikerült csatlakozni!
ERROR:pymodbus.logging:Connection to (127.0.0.1, 502) failed: [Errno 111] Connection refused
ERROR:__main__:Nem sikerült csatlakozni!
ERROR:pymodbus.logging:Connection to (127.0.0.1, 502) failed: [Errno 111] Connection refused
ERROR:__main__:Nem sikerült csatlakozni!
ERROR:pymodbus.logging:Connection to (127.0.0.1, 502) failed: [Errno 111] Connection refused
ERROR:__main__:Nem sikerült csatlakozni!
ERROR:pymodbus.logging:Connection to (127.0.0.2, 502) failed: [Errno 111] Connection refused
ERROR:__main__:Nem sikerült csatlakozni!
ERROR:pymodbus.logging:Connection to (172.20.10.1, 502) failed: [Errno 111] Connection refused
ERROR:__main__:Nem sikerült csatlakozni!
ERROR:pymodbus.logging:Connection to (172.20.10.2, 502) failed: timed out
ERROR:__main__:Nem sikerült csatlakozni!
ERROR:pymodbus.logging:Connection to (172.20.10.2, 502) failed: timed out
ERROR:__main__:Nem sikerült csatlakozni!
ERROR:pymodbus.logging:Connection to (localhost, 502) failed: [Errno 111] Connection refused
ERROR:__main__:Nem sikerült csatlakozni!
ERROR:pymodbus.logging:Connection to (172.20.10.2, 502) failed: timed out
ERROR:__main__:Nem sikerült csatlakozni!
ERROR:pymodbus.logging:Connection to (172.20.10.2, 502) failed: timed out
ERROR:__main__:Nem sikerült csatlakozni!
ERROR:pymodbus.logging:Connection to (127.0.0.1, 502) failed: [Errno 111] Connection refused
ERROR:__main__:Nem sikerült csatlakozni!
ERROR:pymodbus.logging:Connection to (127.0.0.1, 502) failed: [Errno 111] Connection refused
ERROR:__main__:Nem sikerült csatlakozni!
ERROR:pymodbus.logging:Connection to (127.0.0.1, 502) failed: [Errno 111] Connection refused
ERROR:__main__:Nem sikerült csatlakozni!
INFO:__main__:Sikerült csatlakozni!
INFO:__main__:Az olvasas megkezdodott!
INFO:__main__:-------------------------------------------------
INFO:__main__:Sikerült csatlakozni!
INFO:__main__:Az olvasas megkezdodott!
INFO:__main__:-------------------------------------------------
INFO:__main__:3028A register olvasasa sikeres, Erteke:234.90318298339844
INFO:__main__:3030A register olvasasa sikeres, Erteke:nan
INFO:__main__:3032A register olvasasa sikeres, Erteke:nan
INFO:__main__:3000A register olvasasa sikeres, Erteke:1.0102827548980713
INFO:__main__:3002A register olvasasa sikeres, Erteke:nan
INFO:__main__:3004A register olvasasa sikeres, Erteke:nan
INFO:__main__:3076A register olvasasa sikeres, Erteke:0.23731863498687744
INFO:__main__:3060A register olvasasa sikeres, Erteke:0.23720242083072662
INFO:__main__:3068A register olvasasa sikeres, Erteke:-0.007425936404615641
INFO:__main__:3110A register olvasasa sikeres, Erteke:49.98896026611328
INFO:__main__:3196A register olvasasa sikeres, Erteke:1.3636631300555703e-36
INFO:__main__:Sikerült csatlakozni!
INFO:__main__:Az olvasas megkezdodott!
INFO:__main__:-------------------------------------------------
INFO:__main__:3028A register olvasasa sikeres, Erteke:234.72763061523438
INFO:__main__:3030A register olvasasa sikeres, Erteke:nan
INFO:__main__:3032A register olvasasa sikeres, Erteke:nan
INFO:__main__:3000A register olvasasa sikeres, Erteke:1.0098283290863037
INFO:__main__:3002A register olvasasa sikeres, Erteke:nan
INFO:__main__:3004A register olvasasa sikeres, Erteke:nan
INFO:__main__:3076A register olvasasa sikeres, Erteke:0.2370346039533615
INFO:__main__:3060A register olvasasa sikeres, Erteke:0.2369215190410614
INFO:__main__:3068A register olvasasa sikeres, Erteke:-0.007321042008697987
INFO:__main__:3110A register olvasasa sikeres, Erteke:49.99154281616211
INFO:__main__:3196A register olvasasa sikeres, Erteke:1.3636631300555703e-36
INFO:__main__:3240A register olvasasa sikeres, Erteke:9
INFO:__main__:3208A register olvasasa sikeres, Erteke:9
INFO:__main__:3224A register olvasasa sikeres, Erteke:203
INFO:__main__:-------------------------------------------------
INFO:__main__:Sikerült csatlakozni!
INFO:__main__:Az olvasas megkezdodott!
INFO:__main__:-------------------------------------------------
INFO:__main__:3028A register olvasasa sikeres, Erteke:236.5720672607422
INFO:__main__:3030A register olvasasa sikeres, Erteke:nan
INFO:__main__:3032A register olvasasa sikeres, Erteke:nan
INFO:__main__:3000A register olvasasa sikeres, Erteke:1.0145597457885742
INFO:__main__:3002A register olvasasa sikeres, Erteke:nan
INFO:__main__:3004A register olvasasa sikeres, Erteke:nan
INFO:__main__:3076A register olvasasa sikeres, Erteke:0.24001649022102356
INFO:__main__:3060A register olvasasa sikeres, Erteke:0.23990093171596527
INFO:__main__:3068A register olvasasa sikeres, Erteke:-0.007447472307831049
INFO:__main__:3110A register olvasasa sikeres, Erteke:49.98041915893555
INFO:__main__:3196A register olvasasa sikeres, Erteke:1.3636631300555703e-36
INFO:__main__:3240A register olvasasa sikeres, Erteke:9
INFO:__main__:3208A register olvasasa sikeres, Erteke:9
INFO:__main__:3224A register olvasasa sikeres, Erteke:203
INFO:__main__:-------------------------------------------------
INFO:__main__:Sikerült csatlakozni!
INFO:__main__:Az olvasas megkezdodott!
INFO:__main__:-------------------------------------------------
INFO:__main__:3028A register olvasasa sikeres, Erteke:236.1709747314453
INFO:__main__:3030A register olvasasa sikeres, Erteke:nan
INFO:__main__:3032A register olvasasa sikeres, Erteke:nan
INFO:__main__:3000A register olvasasa sikeres, Erteke:1.0131542682647705
INFO:__main__:3002A register olvasasa sikeres, Erteke:nan
INFO:__main__:3004A register olvasasa sikeres, Erteke:nan
INFO:__main__:3076A register olvasasa sikeres, Erteke:0.23927763104438782
INFO:__main__:3060A register olvasasa sikeres, Erteke:0.23916494846343994
INFO:__main__:3068A register olvasasa sikeres, Erteke:-0.007342619355767965
INFO:__main__:3110A register olvasasa sikeres, Erteke:49.987178802490234
INFO:__main__:3196A register olvasasa sikeres, Erteke:1.3636631300555703e-36
INFO:__main__:3240A register olvasasa sikeres, Erteke:9
INFO:__main__:3208A register olvasasa sikeres, Erteke:9
INFO:__main__:3224A register olvasasa sikeres, Erteke:203
INFO:__main__:-------------------------------------------------
INFO:__main__:236.1709747314453 Feltoltve az adatbazisba!
INFO:__main__:Sikerült csatlakozni!
INFO:__main__:Az olvasas megkezdodott!
INFO:__main__:-------------------------------------------------
INFO:__main__:3028A register olvasasa sikeres, Erteke:236.5623321533203
INFO:__main__:3030A register olvasasa sikeres, Erteke:1.0145398378372192
INFO:__main__:3032A register olvasasa sikeres, Erteke:0.24000190198421478
INFO:__main__:3000A register olvasasa sikeres, Erteke:0.2398872822523117
INFO:__main__:3002A register olvasasa sikeres, Erteke:-0.007416462060064077
INFO:__main__:3004A register olvasasa sikeres, Erteke:50.0069580078125
INFO:__main__:3076A register olvasasa sikeres, Erteke:1.3636631300555703e-36
INFO:__main__:3060A register olvasasa sikeres, Erteke:9
INFO:__main__:3068A register olvasasa sikeres, Erteke:9
INFO:__main__:3110A register olvasasa sikeres, Erteke:203
INFO:__main__:-------------------------------------------------
INFO:__main__:236.5623321533203 Feltoltve az adatbazisba!
INFO:__main__:1.0145398378372192 Feltoltve az adatbazisba!
INFO:__main__:0.24000190198421478 Feltoltve az adatbazisba!
INFO:__main__:0.2398872822523117 Feltoltve az adatbazisba!
INFO:__main__:-0.007416462060064077 Feltoltve az adatbazisba!
INFO:__main__:50.0069580078125 Feltoltve az adatbazisba!
INFO:__main__:1.3636631300555703e-36 Feltoltve az adatbazisba!
INFO:__main__:9 Feltoltve az adatbazisba!
INFO:__main__:9 Feltoltve az adatbazisba!
INFO:__main__:203 Feltoltve az adatbazisba!
INFO:__main__:Sikerült csatlakozni!
INFO:__main__:Az olvasas megkezdodott!
INFO:__main__:-------------------------------------------------
INFO:__main__:3028A register olvasasa sikeres, Erteke:236.86611938476562
INFO:__main__:3030A register olvasasa sikeres, Erteke:1.0149847269058228
INFO:__main__:3032A register olvasasa sikeres, Erteke:0.24041549861431122
INFO:__main__:3000A register olvasasa sikeres, Erteke:0.24029755592346191
INFO:__main__:3002A register olvasasa sikeres, Erteke:-0.007529369555413723
INFO:__main__:3004A register olvasasa sikeres, Erteke:49.99128723144531
INFO:__main__:3076A register olvasasa sikeres, Erteke:1.3636631300555703e-36
INFO:__main__:3060A register olvasasa sikeres, Erteke:9
INFO:__main__:3068A register olvasasa sikeres, Erteke:9
INFO:__main__:3110A register olvasasa sikeres, Erteke:203
INFO:__main__:-------------------------------------------------
INFO:__main__:236.86611938476562 Feltoltve az adatbazisba!
INFO:__main__:1.0149847269058228 Feltoltve az adatbazisba!
INFO:__main__:0.24041549861431122 Feltoltve az adatbazisba!
INFO:__main__:0.24029755592346191 Feltoltve az adatbazisba!
INFO:__main__:-0.007529369555413723 Feltoltve az adatbazisba!
INFO:__main__:49.99128723144531 Feltoltve az adatbazisba!
INFO:__main__:1.3636631300555703e-36 Feltoltve az adatbazisba!
INFO:__main__:9 Feltoltve az adatbazisba!
INFO:__main__:9 Feltoltve az adatbazisba!
INFO:__main__:203 Feltoltve az adatbazisba!
INFO:__main__:Sikerült csatlakozni!
INFO:__main__:Az olvasas megkezdodott!
INFO:__main__:-------------------------------------------------
INFO:__main__:3028A register olvasasa sikeres, Erteke:234.3559112548828
INFO:__main__:3030A register olvasasa sikeres, Erteke:1.008853793144226
INFO:__main__:3032A register olvasasa sikeres, Erteke:0.23643085360527039
INFO:__main__:3000A register olvasasa sikeres, Erteke:0.23631711304187775
INFO:__main__:3002A register olvasasa sikeres, Erteke:-0.007332770619541407
INFO:__main__:3004A register olvasasa sikeres, Erteke:50.01173782348633
INFO:__main__:3076A register olvasasa sikeres, Erteke:1.3636631300555703e-36
INFO:__main__:3060A register olvasasa sikeres, Erteke:9
INFO:__main__:3068A register olvasasa sikeres, Erteke:9
INFO:__main__:3110A register olvasasa sikeres, Erteke:203
INFO:__main__:-------------------------------------------------
INFO:__main__:234.3559112548828 Feltoltve az adatbazisba!
INFO:__main__:1.008853793144226 Feltoltve az adatbazisba!
INFO:__main__:0.23643085360527039 Feltoltve az adatbazisba!
INFO:__main__:0.23631711304187775 Feltoltve az adatbazisba!
INFO:__main__:-0.007332770619541407 Feltoltve az adatbazisba!
INFO:__main__:50.01173782348633 Feltoltve az adatbazisba!
INFO:__main__:1.3636631300555703e-36 Feltoltve az adatbazisba!
INFO:__main__:9 Feltoltve az adatbazisba!
INFO:__main__:9 Feltoltve az adatbazisba!
INFO:__main__:203 Feltoltve az adatbazisba!
INFO:__main__:-------------------------------------------------
INFO:__main__:-------------------------------------------------
INFO:__main__:Az olvasas es feltoltes befejezodott, 1 perc varakozas!
INFO:__main__:Az olvasas megkezdodott!
INFO:__main__:-------------------------------------------------
INFO:__main__:3028A register olvasasa sikeres, Erteke:234.68711853027344
INFO:__main__:3030A register olvasasa sikeres, Erteke:1.0091537237167358
INFO:__main__:3032A register olvasasa sikeres, Erteke:0.23683537542819977
INFO:__main__:3000A register olvasasa sikeres, Erteke:0.23672115802764893
INFO:__main__:3002A register olvasasa sikeres, Erteke:-0.007354314438998699
INFO:__main__:3004A register olvasasa sikeres, Erteke:50.01784133911133
INFO:__main__:3076A register olvasasa sikeres, Erteke:1.3636631300555703e-36
INFO:__main__:3060A register olvasasa sikeres, Erteke:9
INFO:__main__:3068A register olvasasa sikeres, Erteke:9
INFO:__main__:3110A register olvasasa sikeres, Erteke:203
INFO:__main__:-------------------------------------------------
INFO:__main__:234.68711853027344 Feltoltve az adatbazisba!
INFO:__main__:1.0091537237167358 Feltoltve az adatbazisba!
INFO:__main__:0.23683537542819977 Feltoltve az adatbazisba!
INFO:__main__:0.23672115802764893 Feltoltve az adatbazisba!
INFO:__main__:-0.007354314438998699 Feltoltve az adatbazisba!
INFO:__main__:50.01784133911133 Feltoltve az adatbazisba!
INFO:__main__:1.3636631300555703e-36 Feltoltve az adatbazisba!
INFO:__main__:9 Feltoltve az adatbazisba!
INFO:__main__:9 Feltoltve az adatbazisba!
INFO:__main__:203 Feltoltve az adatbazisba!
INFO:__main__:-------------------------------------------------
INFO:__main__:-------------------------------------------------
INFO:__main__:Az olvasas es feltoltes befejezodott, 1 perc varakozas!
INFO:__main__:Az olvasas megkezdodott!
INFO:__main__:-------------------------------------------------
INFO:__main__:3028A register olvasasa sikeres, Erteke:236.53883361816406
INFO:__main__:3030A register olvasasa sikeres, Erteke:1.0145721435546875
INFO:__main__:3032A register olvasasa sikeres, Erteke:0.23998571932315826
INFO:__main__:3000A register olvasasa sikeres, Erteke:0.2398718297481537
INFO:__main__:3002A register olvasasa sikeres, Erteke:-0.0073927221819758415
INFO:__main__:3004A register olvasasa sikeres, Erteke:50.02573776245117
INFO:__main__:3076A register olvasasa sikeres, Erteke:1.3636631300555703e-36
INFO:__main__:3060A register olvasasa sikeres, Erteke:9
INFO:__main__:3068A register olvasasa sikeres, Erteke:9
INFO:__main__:3110A register olvasasa sikeres, Erteke:204
INFO:__main__:-------------------------------------------------
INFO:__main__:236.53883361816406 Feltoltve az adatbazisba!
INFO:__main__:1.0145721435546875 Feltoltve az adatbazisba!
INFO:__main__:0.23998571932315826 Feltoltve az adatbazisba!
INFO:__main__:0.2398718297481537 Feltoltve az adatbazisba!
INFO:__main__:-0.0073927221819758415 Feltoltve az adatbazisba!
INFO:__main__:50.02573776245117 Feltoltve az adatbazisba!
INFO:__main__:1.3636631300555703e-36 Feltoltve az adatbazisba!
INFO:__main__:9 Feltoltve az adatbazisba!
INFO:__main__:9 Feltoltve az adatbazisba!
INFO:__main__:204 Feltoltve az adatbazisba!
INFO:__main__:-------------------------------------------------
INFO:__main__:-------------------------------------------------
INFO:__main__:Az olvasas es feltoltes befejezodott, 1 perc varakozas!
INFO:__main__:Az olvasas megkezdodott!
INFO:__main__:-------------------------------------------------
INFO:__main__:3028A register olvasasa sikeres, Erteke:236.09571838378906
INFO:__main__:3030A register olvasasa sikeres, Erteke:1.0133733749389648
INFO:__main__:3032A register olvasasa sikeres, Erteke:0.23925311863422394
INFO:__main__:3000A register olvasasa sikeres, Erteke:0.2391403168439865
INFO:__main__:3002A register olvasasa sikeres, Erteke:-0.0073455446399748325
INFO:__main__:3004A register olvasasa sikeres, Erteke:50.02153015136719
INFO:__main__:3076A register olvasasa sikeres, Erteke:1.3636631300555703e-36
INFO:__main__:3060A register olvasasa sikeres, Erteke:9
INFO:__main__:3068A register olvasasa sikeres, Erteke:9
INFO:__main__:3110A register olvasasa sikeres, Erteke:204
INFO:__main__:-------------------------------------------------
INFO:__main__:236.09571838378906 Feltoltve az adatbazisba!
INFO:__main__:1.0133733749389648 Feltoltve az adatbazisba!
INFO:__main__:0.23925311863422394 Feltoltve az adatbazisba!
INFO:__main__:0.2391403168439865 Feltoltve az adatbazisba!
INFO:__main__:-0.0073455446399748325 Feltoltve az adatbazisba!
INFO:__main__:50.02153015136719 Feltoltve az adatbazisba!
INFO:__main__:1.3636631300555703e-36 Feltoltve az adatbazisba!
INFO:__main__:9 Feltoltve az adatbazisba!
INFO:__main__:9 Feltoltve az adatbazisba!
INFO:__main__:204 Feltoltve az adatbazisba!
INFO:__main__:-------------------------------------------------
INFO:__main__:-------------------------------------------------
INFO:__main__:Az olvasas es feltoltes befejezodott, 1 perc varakozas!
INFO:__main__:Az olvasas megkezdodott!
INFO:__main__:-------------------------------------------------
INFO:__main__:3028A register olvasasa sikeres, Erteke:235.6419219970703
INFO:__main__:3030A register olvasasa sikeres, Erteke:1.0122029781341553
INFO:__main__:3032A register olvasasa sikeres, Erteke:0.23851746320724487
INFO:__main__:3000A register olvasasa sikeres, Erteke:0.23840278387069702
INFO:__main__:3002A register olvasasa sikeres, Erteke:-0.007395363878458738
INFO:__main__:3004A register olvasasa sikeres, Erteke:50.03150939941406
INFO:__main__:3076A register olvasasa sikeres, Erteke:1.3636631300555703e-36
INFO:__main__:3060A register olvasasa sikeres, Erteke:9
INFO:__main__:3068A register olvasasa sikeres, Erteke:9
INFO:__main__:3110A register olvasasa sikeres, Erteke:204
INFO:__main__:-------------------------------------------------
INFO:__main__:235.6419219970703 Feltoltve az adatbazisba!
INFO:__main__:1.0122029781341553 Feltoltve az adatbazisba!
INFO:__main__:0.23851746320724487 Feltoltve az adatbazisba!
INFO:__main__:0.23840278387069702 Feltoltve az adatbazisba!
INFO:__main__:-0.007395363878458738 Feltoltve az adatbazisba!
INFO:__main__:50.03150939941406 Feltoltve az adatbazisba!
INFO:__main__:1.3636631300555703e-36 Feltoltve az adatbazisba!
INFO:__main__:9 Feltoltve az adatbazisba!
INFO:__main__:9 Feltoltve az adatbazisba!
INFO:__main__:204 Feltoltve az adatbazisba!
INFO:__main__:-------------------------------------------------
INFO:__main__:-------------------------------------------------
INFO:__main__:Az olvasas es feltoltes befejezodott, 1 perc varakozas!
INFO:__main__:Az olvasas megkezdodott!
INFO:__main__:-------------------------------------------------
INFO:__main__:3028A register olvasasa sikeres, Erteke:236.08644104003906
INFO:__main__:3030A register olvasasa sikeres, Erteke:1.0135425329208374
INFO:__main__:3032A register olvasasa sikeres, Erteke:0.23928365111351013
INFO:__main__:3000A register olvasasa sikeres, Erteke:0.23916718363761902
INFO:__main__:3002A register olvasasa sikeres, Erteke:-0.007464499678462744
INFO:__main__:3004A register olvasasa sikeres, Erteke:50.01947784423828
INFO:__main__:3076A register olvasasa sikeres, Erteke:1.3636631300555703e-36
INFO:__main__:3060A register olvasasa sikeres, Erteke:9
INFO:__main__:3068A register olvasasa sikeres, Erteke:9
INFO:__main__:3110A register olvasasa sikeres, Erteke:204
INFO:__main__:-------------------------------------------------
INFO:__main__:236.08644104003906 Feltoltve az adatbazisba!
INFO:__main__:1.0135425329208374 Feltoltve az adatbazisba!
INFO:__main__:0.23928365111351013 Feltoltve az adatbazisba!
INFO:__main__:0.23916718363761902 Feltoltve az adatbazisba!
INFO:__main__:-0.007464499678462744 Feltoltve az adatbazisba!
INFO:__main__:50.01947784423828 Feltoltve az adatbazisba!
INFO:__main__:1.3636631300555703e-36 Feltoltve az adatbazisba!
INFO:__main__:9 Feltoltve az adatbazisba!
INFO:__main__:9 Feltoltve az adatbazisba!
INFO:__main__:204 Feltoltve az adatbazisba!
INFO:__main__:-------------------------------------------------
INFO:__main__:-------------------------------------------------
INFO:__main__:Az olvasas es feltoltes befejezodott, 1 perc varakozas!
INFO:__main__:Kapcsolat bontva és adatkiolvasas LEALLITVA
INFO:__main__:Sikerült csatlakozni!
INFO:__main__:Az olvasas megkezdodott!
INFO:__main__:-------------------------------------------------
INFO:__main__:3028A register olvasasa sikeres, Erteke:236.63015747070312
INFO:__main__:3030A register olvasasa sikeres, Erteke:1.0145050287246704
INFO:__main__:3032A register olvasasa sikeres, Erteke:0.24006249010562897
INFO:__main__:3000A register olvasasa sikeres, Erteke:0.23994597792625427
INFO:__main__:3002A register olvasasa sikeres, Erteke:-0.007478093262761831
INFO:__main__:3004A register olvasasa sikeres, Erteke:50.029483795166016
INFO:__main__:3076A register olvasasa sikeres, Erteke:1.3636631300555703e-36
INFO:__main__:3060A register olvasasa sikeres, Erteke:9
INFO:__main__:3068A register olvasasa sikeres, Erteke:9
INFO:__main__:3110A register olvasasa sikeres, Erteke:204
INFO:__main__:-------------------------------------------------
INFO:__main__:236.63015747070312 Feltoltve az adatbazisba!
INFO:__main__:1.0145050287246704 Feltoltve az adatbazisba!
INFO:__main__:0.24006249010562897 Feltoltve az adatbazisba!
INFO:__main__:0.23994597792625427 Feltoltve az adatbazisba!
INFO:__main__:-0.007478093262761831 Feltoltve az adatbazisba!
INFO:__main__:50.029483795166016 Feltoltve az adatbazisba!
INFO:__main__:1.3636631300555703e-36 Feltoltve az adatbazisba!
INFO:__main__:9 Feltoltve az adatbazisba!
INFO:__main__:9 Feltoltve az adatbazisba!
INFO:__main__:204 Feltoltve az adatbazisba!
INFO:__main__:-------------------------------------------------
INFO:__main__:-------------------------------------------------
INFO:__main__:Az olvasas es feltoltes befejezodott, 1 perc varakozas!
INFO:__main__:Az olvasas megkezdodott!
INFO:__main__:-------------------------------------------------
INFO:__main__:3028A register olvasasa sikeres, Erteke:236.55067443847656
INFO:__main__:3030A register olvasasa sikeres, Erteke:1.014084815979004
INFO:__main__:3032A register olvasasa sikeres, Erteke:0.2398824393749237
INFO:__main__:3000A register olvasasa sikeres, Erteke:0.23977169394493103
INFO:__main__:3002A register olvasasa sikeres, Erteke:-0.007288421969860792
INFO:__main__:3004A register olvasasa sikeres, Erteke:50.019107818603516
INFO:__main__:3076A register olvasasa sikeres, Erteke:1.3636631300555703e-36
INFO:__main__:3060A register olvasasa sikeres, Erteke:9
INFO:__main__:3068A register olvasasa sikeres, Erteke:9
INFO:__main__:3110A register olvasasa sikeres, Erteke:204
INFO:__main__:-------------------------------------------------
INFO:__main__:236.55067443847656 Feltoltve az adatbazisba!
INFO:__main__:1.014084815979004 Feltoltve az adatbazisba!
INFO:__main__:0.2398824393749237 Feltoltve az adatbazisba!
INFO:__main__:0.23977169394493103 Feltoltve az adatbazisba!
INFO:__main__:-0.007288421969860792 Feltoltve az adatbazisba!
INFO:__main__:50.019107818603516 Feltoltve az adatbazisba!
INFO:__main__:1.3636631300555703e-36 Feltoltve az adatbazisba!
INFO:__main__:9 Feltoltve az adatbazisba!
INFO:__main__:9 Feltoltve az adatbazisba!
INFO:__main__:204 Feltoltve az adatbazisba!
INFO:__main__:-------------------------------------------------
INFO:__main__:-------------------------------------------------
INFO:__main__:Az olvasas es feltoltes befejezodott, 1 perc varakozas!
INFO:__main__:Az olvasas megkezdodott!
INFO:__main__:-------------------------------------------------
INFO:__main__:3028A register olvasasa sikeres, Erteke:236.06394958496094
INFO:__main__:3030A register olvasasa sikeres, Erteke:1.0138808488845825
INFO:__main__:3032A register olvasasa sikeres, Erteke:0.23934070765972137
INFO:__main__:3000A register olvasasa sikeres, Erteke:0.23922978341579437
INFO:__main__:3002A register olvasasa sikeres, Erteke:-0.00728627759963274
INFO:__main__:3004A register olvasasa sikeres, Erteke:50.01838684082031
INFO:__main__:3076A register olvasasa sikeres, Erteke:1.3636631300555703e-36
INFO:__main__:3060A register olvasasa sikeres, Erteke:9
INFO:__main__:3068A register olvasasa sikeres, Erteke:9
INFO:__main__:3110A register olvasasa sikeres, Erteke:204
INFO:__main__:-------------------------------------------------
INFO:__main__:236.06394958496094 Feltoltve az adatbazisba!
INFO:__main__:1.0138808488845825 Feltoltve az adatbazisba!
INFO:__main__:0.23934070765972137 Feltoltve az adatbazisba!
INFO:__main__:0.23922978341579437 Feltoltve az adatbazisba!
INFO:__main__:-0.00728627759963274 Feltoltve az adatbazisba!
INFO:__main__:50.01838684082031 Feltoltve az adatbazisba!
INFO:__main__:1.3636631300555703e-36 Feltoltve az adatbazisba!
INFO:__main__:9 Feltoltve az adatbazisba!
INFO:__main__:9 Feltoltve az adatbazisba!
INFO:__main__:204 Feltoltve az adatbazisba!
INFO:__main__:-------------------------------------------------
INFO:__main__:-------------------------------------------------
INFO:__main__:Az olvasas es feltoltes befejezodott, 1 perc varakozas!
INFO:__main__:Az olvasas megkezdodott!
INFO:__main__:-------------------------------------------------
INFO:__main__:3028A register olvasasa sikeres, Erteke:236.88380432128906
INFO:__main__:3030A register olvasasa sikeres, Erteke:1.0157620906829834
INFO:__main__:3032A register olvasasa sikeres, Erteke:0.24061758816242218
INFO:__main__:3000A register olvasasa sikeres, Erteke:0.24050231277942657
INFO:__main__:3002A register olvasasa sikeres, Erteke:-0.007446685340255499
INFO:__main__:3004A register olvasasa sikeres, Erteke:50.005577087402344
INFO:__main__:3076A register olvasasa sikeres, Erteke:1.3636631300555703e-36
INFO:__main__:3060A register olvasasa sikeres, Erteke:9
INFO:__main__:3068A register olvasasa sikeres, Erteke:9
INFO:__main__:3110A register olvasasa sikeres, Erteke:204
INFO:__main__:-------------------------------------------------
INFO:__main__:236.88380432128906 Feltoltve az adatbazisba!
INFO:__main__:1.0157620906829834 Feltoltve az adatbazisba!
INFO:__main__:0.24061758816242218 Feltoltve az adatbazisba!
INFO:__main__:0.24050231277942657 Feltoltve az adatbazisba!
INFO:__main__:-0.007446685340255499 Feltoltve az adatbazisba!
INFO:__main__:50.005577087402344 Feltoltve az adatbazisba!
INFO:__main__:1.3636631300555703e-36 Feltoltve az adatbazisba!
INFO:__main__:9 Feltoltve az adatbazisba!
INFO:__main__:9 Feltoltve az adatbazisba!
INFO:__main__:204 Feltoltve az adatbazisba!
INFO:__main__:-------------------------------------------------
INFO:__main__:-------------------------------------------------
INFO:__main__:Az olvasas es feltoltes befejezodott, 1 perc varakozas!
INFO:__main__:Az olvasas megkezdodott!
INFO:__main__:-------------------------------------------------
INFO:__main__:3028A register olvasasa sikeres, Erteke:236.1255340576172
INFO:__main__:3030A register olvasasa sikeres, Erteke:1.0134505033493042
INFO:__main__:3032A register olvasasa sikeres, Erteke:0.23930154740810394
INFO:__main__:3000A register olvasasa sikeres, Erteke:0.23918777704238892
INFO:__main__:3002A register olvasasa sikeres, Erteke:-0.007378177251666784
INFO:__main__:3004A register olvasasa sikeres, Erteke:49.968868255615234
INFO:__main__:3076A register olvasasa sikeres, Erteke:1.3636631300555703e-36
INFO:__main__:3060A register olvasasa sikeres, Erteke:9
INFO:__main__:3068A register olvasasa sikeres, Erteke:9
INFO:__main__:3110A register olvasasa sikeres, Erteke:205
INFO:__main__:-------------------------------------------------
INFO:__main__:236.1255340576172 Feltoltve az adatbazisba!
INFO:__main__:1.0134505033493042 Feltoltve az adatbazisba!
INFO:__main__:0.23930154740810394 Feltoltve az adatbazisba!
INFO:__main__:0.23918777704238892 Feltoltve az adatbazisba!
INFO:__main__:-0.007378177251666784 Feltoltve az adatbazisba!
INFO:__main__:49.968868255615234 Feltoltve az adatbazisba!
INFO:__main__:1.3636631300555703e-36 Feltoltve az adatbazisba!
INFO:__main__:9 Feltoltve az adatbazisba!
INFO:__main__:9 Feltoltve az adatbazisba!
INFO:__main__:205 Feltoltve az adatbazisba!
INFO:__main__:-------------------------------------------------
INFO:__main__:-------------------------------------------------
INFO:__main__:Az olvasas es feltoltes befejezodott, 1 perc varakozas!
INFO:__main__:Az olvasas megkezdodott!
INFO:__main__:-------------------------------------------------
INFO:__main__:3028A register olvasasa sikeres, Erteke:236.61854553222656
INFO:__main__:3030A register olvasasa sikeres, Erteke:1.0144354104995728
INFO:__main__:3032A register olvasasa sikeres, Erteke:0.24003422260284424
INFO:__main__:3000A register olvasasa sikeres, Erteke:0.23992305994033813
INFO:__main__:3002A register olvasasa sikeres, Erteke:-0.0073042153380811214
INFO:__main__:3004A register olvasasa sikeres, Erteke:49.980369567871094
INFO:__main__:3076A register olvasasa sikeres, Erteke:1.3636631300555703e-36
INFO:__main__:3060A register olvasasa sikeres, Erteke:9
INFO:__main__:3068A register olvasasa sikeres, Erteke:9
INFO:__main__:3110A register olvasasa sikeres, Erteke:205
INFO:__main__:-------------------------------------------------
INFO:__main__:236.61854553222656 Feltoltve az adatbazisba!
INFO:__main__:1.0144354104995728 Feltoltve az adatbazisba!
INFO:__main__:0.24003422260284424 Feltoltve az adatbazisba!
INFO:__main__:0.23992305994033813 Feltoltve az adatbazisba!
INFO:__main__:-0.0073042153380811214 Feltoltve az adatbazisba!
INFO:__main__:49.980369567871094 Feltoltve az adatbazisba!
INFO:__main__:1.3636631300555703e-36 Feltoltve az adatbazisba!
INFO:__main__:9 Feltoltve az adatbazisba!
INFO:__main__:9 Feltoltve az adatbazisba!
INFO:__main__:205 Feltoltve az adatbazisba!
INFO:__main__:-------------------------------------------------
INFO:__main__:-------------------------------------------------
INFO:__main__:Az olvasas es feltoltes befejezodott, 1 perc varakozas!
INFO:__main__:Az olvasas megkezdodott!
INFO:__main__:-------------------------------------------------
INFO:__main__:3028A register olvasasa sikeres, Erteke:236.46961975097656
INFO:__main__:3030A register olvasasa sikeres, Erteke:1.0146939754486084
INFO:__main__:3032A register olvasasa sikeres, Erteke:0.23994430899620056
INFO:__main__:3000A register olvasasa sikeres, Erteke:0.2398262768983841
INFO:__main__:3002A register olvasasa sikeres, Erteke:-0.007524958811700344
INFO:__main__:3004A register olvasasa sikeres, Erteke:49.978084564208984
INFO:__main__:3076A register olvasasa sikeres, Erteke:1.3636631300555703e-36
INFO:__main__:3060A register olvasasa sikeres, Erteke:9
INFO:__main__:3068A register olvasasa sikeres, Erteke:9
INFO:__main__:3110A register olvasasa sikeres, Erteke:205
INFO:__main__:-------------------------------------------------
INFO:__main__:236.46961975097656 Feltoltve az adatbazisba!
INFO:__main__:1.0146939754486084 Feltoltve az adatbazisba!
INFO:__main__:0.23994430899620056 Feltoltve az adatbazisba!
INFO:__main__:0.2398262768983841 Feltoltve az adatbazisba!
INFO:__main__:-0.007524958811700344 Feltoltve az adatbazisba!
INFO:__main__:49.978084564208984 Feltoltve az adatbazisba!
INFO:__main__:1.3636631300555703e-36 Feltoltve az adatbazisba!
INFO:__main__:9 Feltoltve az adatbazisba!
INFO:__main__:9 Feltoltve az adatbazisba!
INFO:__main__:205 Feltoltve az adatbazisba!
INFO:__main__:-------------------------------------------------
INFO:__main__:-------------------------------------------------
INFO:__main__:Az olvasas es feltoltes befejezodott, 1 perc varakozas!
INFO:__main__:Kapcsolat bontva és adatkiolvasas LEALLITVA
INFO:__main__:Sikerült csatlakozni!
INFO:__main__:Az olvasas megkezdodott!
INFO:__main__:-------------------------------------------------
INFO:__main__:3028A register olvasasa sikeres, Erteke:237.12266540527344
INFO:__main__:3030A register olvasasa sikeres, Erteke:1.0159682035446167
INFO:__main__:3032A register olvasasa sikeres, Erteke:0.24090908467769623
INFO:__main__:3000A register olvasasa sikeres, Erteke:0.24079731106758118
INFO:__main__:3002A register olvasasa sikeres, Erteke:-0.007410402409732342
INFO:__main__:3004A register olvasasa sikeres, Erteke:50.02802276611328
INFO:__main__:3076A register olvasasa sikeres, Erteke:1.3636631300555703e-36
INFO:__main__:3060A register olvasasa sikeres, Erteke:9
INFO:__main__:3068A register olvasasa sikeres, Erteke:9
INFO:__main__:3110A register olvasasa sikeres, Erteke:206
INFO:__main__:-------------------------------------------------
INFO:__main__:237.12266540527344 Feltoltve az adatbazisba!
INFO:__main__:1.0159682035446167 Feltoltve az adatbazisba!
INFO:__main__:0.24090908467769623 Feltoltve az adatbazisba!
INFO:__main__:0.24079731106758118 Feltoltve az adatbazisba!
INFO:__main__:-0.007410402409732342 Feltoltve az adatbazisba!
INFO:__main__:50.02802276611328 Feltoltve az adatbazisba!
INFO:__main__:1.3636631300555703e-36 Feltoltve az adatbazisba!
INFO:__main__:9 Feltoltve az adatbazisba!
INFO:__main__:9 Feltoltve az adatbazisba!
INFO:__main__:206 Feltoltve az adatbazisba!
INFO:__main__:-------------------------------------------------
INFO:__main__:-------------------------------------------------
INFO:__main__:Az olvasas es feltoltes befejezodott, 1 perc varakozas!
INFO:__main__:Kapcsolat bontva és adatkiolvasas LEALLITVA
ERROR:pymodbus.logging:Connection to (192.168.1.32, 502) failed: timed out
ERROR:__main__:Nem sikerült csatlakozni!
INFO:__main__:Sikerült csatlakozni!
INFO:__main__:Az olvasas megkezdodott!
INFO:__main__:-------------------------------------------------
INFO:__main__:3028A register olvasasa sikeres, Erteke:235.33993530273438
INFO:__main__:3030A register olvasasa sikeres, Erteke:nan
INFO:__main__:3032A register olvasasa sikeres, Erteke:nan
INFO:__main__:3000A register olvasasa sikeres, Erteke:1.0091512203216553
INFO:__main__:3002A register olvasasa sikeres, Erteke:nan
INFO:__main__:3004A register olvasasa sikeres, Erteke:nan
INFO:__main__:3076A register olvasasa sikeres, Erteke:0.2374935746192932
INFO:__main__:3060A register olvasasa sikeres, Erteke:0.23733487725257874
INFO:__main__:3068A register olvasasa sikeres, Erteke:-0.008680528029799461
INFO:__main__:3110A register olvasasa sikeres, Erteke:49.961387634277344
INFO:__main__:3196A register olvasasa sikeres, Erteke:1.3577855686183571e-36
INFO:__main__:3240A register olvasasa sikeres, Erteke:9
INFO:__main__:3208A register olvasasa sikeres, Erteke:9
INFO:__main__:3224A register olvasasa sikeres, Erteke:212
INFO:__main__:-------------------------------------------------
INFO:__main__:235.33993530273438 Feltoltve az adatbazisba!
INFO:__main__:Sikerült csatlakozni!
INFO:__main__:Az olvasas megkezdodott!
INFO:__main__:-------------------------------------------------
INFO:__main__:3028A register olvasasa sikeres, Erteke:236.4738006591797
INFO:__main__:3030A register olvasasa sikeres, Erteke:nan
INFO:__main__:3032A register olvasasa sikeres, Erteke:nan
INFO:__main__:3000A register olvasasa sikeres, Erteke:1.0108517408370972
INFO:__main__:3002A register olvasasa sikeres, Erteke:nan
INFO:__main__:3004A register olvasasa sikeres, Erteke:nan
INFO:__main__:3076A register olvasasa sikeres, Erteke:0.23903994262218475
INFO:__main__:3060A register olvasasa sikeres, Erteke:0.23888468742370605
INFO:__main__:3068A register olvasasa sikeres, Erteke:-0.008614123798906803
INFO:__main__:3110A register olvasasa sikeres, Erteke:49.97309494018555
INFO:__main__:3196A register olvasasa sikeres, Erteke:1.3577855686183571e-36
INFO:__main__:3240A register olvasasa sikeres, Erteke:9
INFO:__main__:3208A register olvasasa sikeres, Erteke:9
INFO:__main__:3224A register olvasasa sikeres, Erteke:212
INFO:__main__:-------------------------------------------------
INFO:__main__:236.4738006591797 Feltoltve az adatbazisba!
INFO:__main__:Sikerült csatlakozni!
INFO:__main__:Az olvasas megkezdodott!
INFO:__main__:-------------------------------------------------
INFO:__main__:3028A register olvasasa sikeres, Erteke:233.14614868164062
INFO:__main__:3030A register olvasasa sikeres, Erteke:nan
INFO:__main__:3032A register olvasasa sikeres, Erteke:nan
INFO:__main__:3000A register olvasasa sikeres, Erteke:1.0019760131835938
INFO:__main__:3002A register olvasasa sikeres, Erteke:nan
INFO:__main__:3004A register olvasasa sikeres, Erteke:nan
INFO:__main__:3076A register olvasasa sikeres, Erteke:0.23360684514045715
INFO:__main__:3060A register olvasasa sikeres, Erteke:0.2334650605916977
INFO:__main__:3068A register olvasasa sikeres, Erteke:-0.00813773088157177
INFO:__main__:3110A register olvasasa sikeres, Erteke:50.0369987487793
INFO:__main__:3196A register olvasasa sikeres, Erteke:1.3577855686183571e-36
INFO:__main__:3240A register olvasasa sikeres, Erteke:9
INFO:__main__:3208A register olvasasa sikeres, Erteke:9
INFO:__main__:3224A register olvasasa sikeres, Erteke:212
INFO:__main__:-------------------------------------------------
INFO:__main__:233.14614868164062 Feltoltve az adatbazisba!
INFO:__main__:Sikerült csatlakozni!
INFO:__main__:Az olvasas megkezdodott!
INFO:__main__:-------------------------------------------------
INFO:__main__:3028A register olvasasa sikeres, Erteke:233.6616973876953
INFO:__main__:3030A register olvasasa sikeres, Erteke:nan
INFO:__main__:3032A register olvasasa sikeres, Erteke:nan
INFO:__main__:3000A register olvasasa sikeres, Erteke:1.0032336711883545
INFO:__main__:3002A register olvasasa sikeres, Erteke:nan
INFO:__main__:3004A register olvasasa sikeres, Erteke:nan
INFO:__main__:3076A register olvasasa sikeres, Erteke:0.23441728949546814
INFO:__main__:3060A register olvasasa sikeres, Erteke:0.23429042100906372
INFO:__main__:3068A register olvasasa sikeres, Erteke:-0.007711092010140419
INFO:__main__:3110A register olvasasa sikeres, Erteke:50.03636169433594
INFO:__main__:3196A register olvasasa sikeres, Erteke:1.3577855686183571e-36
INFO:__main__:3240A register olvasasa sikeres, Erteke:9
INFO:__main__:3208A register olvasasa sikeres, Erteke:9
INFO:__main__:3224A register olvasasa sikeres, Erteke:212
INFO:__main__:-------------------------------------------------
INFO:__main__:233.6616973876953 Feltoltve az adatbazisba!
INFO:__main__:Sikerült csatlakozni!
INFO:__main__:Az olvasas megkezdodott!
INFO:__main__:-------------------------------------------------
INFO:__main__:3028A register olvasasa sikeres, Erteke:233.11007690429688
INFO:__main__:3030A register olvasasa sikeres, Erteke:nan
INFO:__main__:3032A register olvasasa sikeres, Erteke:nan
INFO:__main__:3000A register olvasasa sikeres, Erteke:1.0017518997192383
INFO:__main__:3002A register olvasasa sikeres, Erteke:nan
INFO:__main__:3004A register olvasasa sikeres, Erteke:nan
INFO:__main__:3076A register olvasasa sikeres, Erteke:0.23351846635341644
INFO:__main__:3060A register olvasasa sikeres, Erteke:0.2333923727273941
INFO:__main__:3068A register olvasasa sikeres, Erteke:-0.00767249520868063
INFO:__main__:3110A register olvasasa sikeres, Erteke:50.015411376953125
INFO:__main__:3196A register olvasasa sikeres, Erteke:1.3577855686183571e-36
INFO:__main__:3240A register olvasasa sikeres, Erteke:9
INFO:__main__:3208A register olvasasa sikeres, Erteke:9
INFO:__main__:3224A register olvasasa sikeres, Erteke:212
INFO:__main__:-------------------------------------------------
INFO:__main__:233.11007690429688 Feltoltve az adatbazisba!
INFO:__main__:Sikerült csatlakozni!
INFO:__main__:Az olvasas megkezdodott!
INFO:__main__:-------------------------------------------------
INFO:__main__:3028A register olvasasa sikeres, Erteke:233.01254272460938
INFO:__main__:3030A register olvasasa sikeres, Erteke:nan
INFO:__main__:3032A register olvasasa sikeres, Erteke:nan
INFO:__main__:3000A register olvasasa sikeres, Erteke:1.0019432306289673
INFO:__main__:3002A register olvasasa sikeres, Erteke:nan
INFO:__main__:3004A register olvasasa sikeres, Erteke:nan
INFO:__main__:3076A register olvasasa sikeres, Erteke:0.23346534371376038
INFO:__main__:3060A register olvasasa sikeres, Erteke:0.2333339899778366
INFO:__main__:3068A register olvasasa sikeres, Erteke:-0.007830728776752949
INFO:__main__:3110A register olvasasa sikeres, Erteke:50.007083892822266
INFO:__main__:3196A register olvasasa sikeres, Erteke:1.3577855686183571e-36
INFO:__main__:3240A register olvasasa sikeres, Erteke:9
INFO:__main__:3208A register olvasasa sikeres, Erteke:9
INFO:__main__:3224A register olvasasa sikeres, Erteke:212
INFO:__main__:-------------------------------------------------
INFO:__main__:233.01254272460938 Feltoltve az adatbazisba!
INFO:__main__:Sikerült csatlakozni!
INFO:__main__:Az olvasas megkezdodott!
INFO:__main__:-------------------------------------------------
INFO:__main__:3028A register olvasasa sikeres, Erteke:233.42620849609375
INFO:__main__:3030A register olvasasa sikeres, Erteke:nan
INFO:__main__:3032A register olvasasa sikeres, Erteke:nan
INFO:__main__:3000A register olvasasa sikeres, Erteke:1.0022931098937988
INFO:__main__:3002A register olvasasa sikeres, Erteke:nan
INFO:__main__:3004A register olvasasa sikeres, Erteke:nan
INFO:__main__:3076A register olvasasa sikeres, Erteke:0.2337876856327057
INFO:__main__:3060A register olvasasa sikeres, Erteke:0.23365312814712524
INFO:__main__:3068A register olvasasa sikeres, Erteke:-0.007931100204586983
INFO:__main__:3110A register olvasasa sikeres, Erteke:50.02978515625
INFO:__main__:3196A register olvasasa sikeres, Erteke:1.3577855686183571e-36
INFO:__main__:3240A register olvasasa sikeres, Erteke:9
INFO:__main__:3208A register olvasasa sikeres, Erteke:9
INFO:__main__:3224A register olvasasa sikeres, Erteke:213
INFO:__main__:-------------------------------------------------
INFO:__main__:233.42620849609375 Feltoltve az adatbazisba!
INFO:__main__:Sikerült csatlakozni!
INFO:__main__:Az olvasas megkezdodott!
INFO:__main__:-------------------------------------------------
INFO:__main__:3028A register olvasasa sikeres, Erteke:234.3453826904297
INFO:__main__:3030A register olvasasa sikeres, Erteke:nan
INFO:__main__:3032A register olvasasa sikeres, Erteke:nan
INFO:__main__:3000A register olvasasa sikeres, Erteke:1.0053529739379883
INFO:__main__:3002A register olvasasa sikeres, Erteke:nan
INFO:__main__:3004A register olvasasa sikeres, Erteke:nan
INFO:__main__:3076A register olvasasa sikeres, Erteke:0.2355998158454895
INFO:__main__:3060A register olvasasa sikeres, Erteke:0.23546017706394196
INFO:__main__:3068A register olvasasa sikeres, Erteke:-0.008110804483294487
INFO:__main__:3110A register olvasasa sikeres, Erteke:50.01655197143555
INFO:__main__:3196A register olvasasa sikeres, Erteke:1.3577855686183571e-36
INFO:__main__:3240A register olvasasa sikeres, Erteke:9
INFO:__main__:3208A register olvasasa sikeres, Erteke:9
INFO:__main__:3224A register olvasasa sikeres, Erteke:213
INFO:__main__:-------------------------------------------------
INFO:__main__:234.3453826904297 Feltoltve az adatbazisba!
INFO:__main__:Sikerült csatlakozni!
INFO:__main__:Az olvasas megkezdodott!
INFO:__main__:-------------------------------------------------
INFO:__main__:3028A register olvasasa sikeres, Erteke:234.067626953125
INFO:__main__:3030A register olvasasa sikeres, Erteke:nan
INFO:__main__:3032A register olvasasa sikeres, Erteke:nan
INFO:__main__:3000A register olvasasa sikeres, Erteke:1.0044219493865967
INFO:__main__:3002A register olvasasa sikeres, Erteke:nan
INFO:__main__:3004A register olvasasa sikeres, Erteke:nan
INFO:__main__:3076A register olvasasa sikeres, Erteke:0.23510266840457916
INFO:__main__:3060A register olvasasa sikeres, Erteke:0.23497170209884644
INFO:__main__:3068A register olvasasa sikeres, Erteke:-0.00774394953623414
INFO:__main__:3110A register olvasasa sikeres, Erteke:49.951202392578125
INFO:__main__:3196A register olvasasa sikeres, Erteke:1.3577855686183571e-36
INFO:__main__:3240A register olvasasa sikeres, Erteke:9
INFO:__main__:3208A register olvasasa sikeres, Erteke:9
INFO:__main__:3224A register olvasasa sikeres, Erteke:213
INFO:__main__:-------------------------------------------------
INFO:__main__:234.067626953125 Feltoltve az adatbazisba!
INFO:__main__:Sikerült csatlakozni!
INFO:__main__:Az olvasas megkezdodott!
INFO:__main__:-------------------------------------------------
INFO:__main__:3028A register olvasasa sikeres, Erteke:235.1182403564453
INFO:__main__:3030A register olvasasa sikeres, Erteke:nan
INFO:__main__:3032A register olvasasa sikeres, Erteke:nan
INFO:__main__:3000A register olvasasa sikeres, Erteke:1.006448745727539
INFO:__main__:3002A register olvasasa sikeres, Erteke:nan
INFO:__main__:3004A register olvasasa sikeres, Erteke:nan
INFO:__main__:3076A register olvasasa sikeres, Erteke:0.23663446307182312
INFO:__main__:3060A register olvasasa sikeres, Erteke:0.23649264872074127
INFO:__main__:3068A register olvasasa sikeres, Erteke:-0.008191315457224846
INFO:__main__:3110A register olvasasa sikeres, Erteke:49.95351028442383
INFO:__main__:3196A register olvasasa sikeres, Erteke:1.3577855686183571e-36
INFO:__main__:3240A register olvasasa sikeres, Erteke:9
INFO:__main__:3208A register olvasasa sikeres, Erteke:9
INFO:__main__:3224A register olvasasa sikeres, Erteke:213
INFO:__main__:-------------------------------------------------
INFO:__main__:235.1182403564453 Feltoltve az adatbazisba!
INFO:__main__:Sikerült csatlakozni!
INFO:__main__:Az olvasas megkezdodott!
INFO:__main__:-------------------------------------------------
INFO:__main__:3028A register olvasasa sikeres, Erteke:234.9397735595703
INFO:__main__:3030A register olvasasa sikeres, Erteke:nan
INFO:__main__:3032A register olvasasa sikeres, Erteke:nan
INFO:__main__:3000A register olvasasa sikeres, Erteke:1.0068520307540894
INFO:__main__:3002A register olvasasa sikeres, Erteke:nan
INFO:__main__:3004A register olvasasa sikeres, Erteke:nan
INFO:__main__:3076A register olvasasa sikeres, Erteke:0.23654958605766296
INFO:__main__:3060A register olvasasa sikeres, Erteke:0.23641201853752136
INFO:__main__:3068A register olvasasa sikeres, Erteke:-0.008066616952419281
INFO:__main__:3110A register olvasasa sikeres, Erteke:49.9597053527832
INFO:__main__:3196A register olvasasa sikeres, Erteke:1.3577855686183571e-36
INFO:__main__:3240A register olvasasa sikeres, Erteke:9
INFO:__main__:3208A register olvasasa sikeres, Erteke:9
INFO:__main__:3224A register olvasasa sikeres, Erteke:214
INFO:__main__:-------------------------------------------------
INFO:__main__:234.9397735595703 Feltoltve az adatbazisba!
INFO:__main__:Sikerült csatlakozni!
INFO:__main__:Az olvasas megkezdodott!
INFO:__main__:-------------------------------------------------
INFO:__main__:3028A register olvasasa sikeres, Erteke:234.43540954589844
INFO:__main__:3030A register olvasasa sikeres, Erteke:nan
INFO:__main__:3032A register olvasasa sikeres, Erteke:nan
INFO:__main__:3000A register olvasasa sikeres, Erteke:1.0057618618011475
INFO:__main__:3002A register olvasasa sikeres, Erteke:nan
INFO:__main__:3004A register olvasasa sikeres, Erteke:nan
INFO:__main__:3076A register olvasasa sikeres, Erteke:0.23578619956970215
INFO:__main__:3060A register olvasasa sikeres, Erteke:0.2356482446193695
INFO:__main__:3068A register olvasasa sikeres, Erteke:-0.00806443765759468
INFO:__main__:3110A register olvasasa sikeres, Erteke:49.98396301269531
INFO:__main__:3196A register olvasasa sikeres, Erteke:1.3577855686183571e-36
INFO:__main__:3240A register olvasasa sikeres, Erteke:9
INFO:__main__:3208A register olvasasa sikeres, Erteke:9
INFO:__main__:3224A register olvasasa sikeres, Erteke:214
INFO:__main__:-------------------------------------------------
INFO:__main__:234.43540954589844 Feltoltve az adatbazisba!
INFO:__main__:Sikerült csatlakozni!
INFO:__main__:Az olvasas megkezdodott!
INFO:__main__:-------------------------------------------------
INFO:__main__:3028A register olvasasa sikeres, Erteke:234.95181274414062
INFO:__main__:3030A register olvasasa sikeres, Erteke:nan
INFO:__main__:3032A register olvasasa sikeres, Erteke:nan
INFO:__main__:3000A register olvasasa sikeres, Erteke:1.0068995952606201
INFO:__main__:3002A register olvasasa sikeres, Erteke:nan
INFO:__main__:3004A register olvasasa sikeres, Erteke:nan
INFO:__main__:3076A register olvasasa sikeres, Erteke:0.23657289147377014
INFO:__main__:3060A register olvasasa sikeres, Erteke:0.2364308387041092
INFO:__main__:3068A register olvasasa sikeres, Erteke:-0.00819727499037981
INFO:__main__:3110A register olvasasa sikeres, Erteke:49.978633880615234
INFO:__main__:3196A register olvasasa sikeres, Erteke:1.3577855686183571e-36
INFO:__main__:3240A register olvasasa sikeres, Erteke:9
INFO:__main__:3208A register olvasasa sikeres, Erteke:9
INFO:__main__:3224A register olvasasa sikeres, Erteke:214
INFO:__main__:-------------------------------------------------
INFO:__main__:234.95181274414062 Feltoltve az adatbazisba!
INFO:__main__:Sikerült csatlakozni!
INFO:__main__:Az olvasas megkezdodott!
INFO:__main__:-------------------------------------------------
INFO:__main__:3028A register olvasasa sikeres, Erteke:235.39077758789062
INFO:__main__:3030A register olvasasa sikeres, Erteke:nan
INFO:__main__:3032A register olvasasa sikeres, Erteke:nan
INFO:__main__:3000A register olvasasa sikeres, Erteke:1.0078734159469604
INFO:__main__:3002A register olvasasa sikeres, Erteke:nan
INFO:__main__:3004A register olvasasa sikeres, Erteke:nan
INFO:__main__:3076A register olvasasa sikeres, Erteke:0.237244114279747
INFO:__main__:3060A register olvasasa sikeres, Erteke:0.23709556460380554
INFO:__main__:3068A register olvasasa sikeres, Erteke:-0.008394100703299046
INFO:__main__:3110A register olvasasa sikeres, Erteke:49.981048583984375
INFO:__main__:3196A register olvasasa sikeres, Erteke:1.3577855686183571e-36
INFO:__main__:3240A register olvasasa sikeres, Erteke:9
INFO:__main__:3208A register olvasasa sikeres, Erteke:9
INFO:__main__:3224A register olvasasa sikeres, Erteke:214
INFO:__main__:-------------------------------------------------
INFO:__main__:235.39077758789062 Feltoltve az adatbazisba!
INFO:__main__:Sikerült csatlakozni!
INFO:__main__:Az olvasas megkezdodott!
INFO:__main__:-------------------------------------------------
INFO:__main__:3028A register olvasasa sikeres, Erteke:233.9603729248047
INFO:__main__:3030A register olvasasa sikeres, Erteke:nan
INFO:__main__:3032A register olvasasa sikeres, Erteke:nan
INFO:__main__:3000A register olvasasa sikeres, Erteke:1.004597783088684
INFO:__main__:3002A register olvasasa sikeres, Erteke:nan
INFO:__main__:3004A register olvasasa sikeres, Erteke:nan
INFO:__main__:3076A register olvasasa sikeres, Erteke:0.23503607511520386
INFO:__main__:3060A register olvasasa sikeres, Erteke:0.23489975929260254
INFO:__main__:3068A register olvasasa sikeres, Erteke:-0.008003417402505875
INFO:__main__:3110A register olvasasa sikeres, Erteke:49.97212219238281
INFO:__main__:3196A register olvasasa sikeres, Erteke:1.3577855686183571e-36
INFO:__main__:3240A register olvasasa sikeres, Erteke:9
INFO:__main__:3208A register olvasasa sikeres, Erteke:9
INFO:__main__:3224A register olvasasa sikeres, Erteke:214
INFO:__main__:-------------------------------------------------
INFO:__main__:233.9603729248047 Feltoltve az adatbazisba!
INFO:__main__:Sikerült csatlakozni!
INFO:__main__:Az olvasas megkezdodott!
INFO:__main__:-------------------------------------------------
INFO:__main__:Sikerült csatlakozni!
INFO:__main__:Az olvasas megkezdodott!
INFO:__main__:-------------------------------------------------
INFO:__main__:Sikerült csatlakozni!
INFO:__main__:Az olvasas megkezdodott!
INFO:__main__:-------------------------------------------------
INFO:__main__:Sikerült csatlakozni!
INFO:__main__:Az olvasas megkezdodott!
INFO:__main__:-------------------------------------------------
INFO:__main__:Sikerült csatlakozni!
INFO:__main__:Az olvasas megkezdodott!
INFO:__main__:-------------------------------------------------
INFO:__main__:Sikerült csatlakozni!
INFO:__main__:Az olvasas megkezdodott!
INFO:__main__:-------------------------------------------------
INFO:__main__:Sikerült csatlakozni!
INFO:__main__:Az olvasas megkezdodott!
INFO:__main__:-------------------------------------------------
INFO:__main__:3028A register olvasasa sikeres, Erteke:232.27505493164062
INFO:__main__:3030A register olvasasa sikeres, Erteke:0
INFO:__main__:3032A register olvasasa sikeres, Erteke:0
INFO:__main__:3000A register olvasasa sikeres, Erteke:1.0013113021850586
INFO:__main__:3002A register olvasasa sikeres, Erteke:0
INFO:__main__:3004A register olvasasa sikeres, Erteke:0
INFO:__main__:3076A register olvasasa sikeres, Erteke:0.23257963359355927
INFO:__main__:3060A register olvasasa sikeres, Erteke:0.23244641721248627
INFO:__main__:3068A register olvasasa sikeres, Erteke:-0.007870782166719437
INFO:__main__:3110A register olvasasa sikeres, Erteke:50.033607482910156
INFO:__main__:3196A register olvasasa sikeres, Erteke:1.3577855686183571e-36
INFO:__main__:3240A register olvasasa sikeres, Erteke:9
INFO:__main__:3208A register olvasasa sikeres, Erteke:9
INFO:__main__:3224A register olvasasa sikeres, Erteke:216
INFO:__main__:-------------------------------------------------
INFO:__main__:232.27505493164062 Feltoltve az adatbazisba!
INFO:__main__:0 Feltoltve az adatbazisba!
INFO:__main__:0 Feltoltve az adatbazisba!
INFO:__main__:1.0013113021850586 Feltoltve az adatbazisba!
INFO:__main__:0 Feltoltve az adatbazisba!
INFO:__main__:0 Feltoltve az adatbazisba!
INFO:__main__:0.23257963359355927 Feltoltve az adatbazisba!
INFO:__main__:0.23244641721248627 Feltoltve az adatbazisba!
INFO:__main__:-0.007870782166719437 Feltoltve az adatbazisba!
INFO:__main__:50.033607482910156 Feltoltve az adatbazisba!
INFO:__main__:1.3577855686183571e-36 Feltoltve az adatbazisba!
INFO:__main__:9 Feltoltve az adatbazisba!
INFO:__main__:9 Feltoltve az adatbazisba!
INFO:__main__:216 Feltoltve az adatbazisba!
INFO:__main__:-------------------------------------------------
INFO:__main__:-------------------------------------------------
INFO:__main__:Az olvasas es feltoltes befejezodott, 1 perc varakozas!
INFO:__main__:Az olvasas megkezdodott!
INFO:__main__:-------------------------------------------------
INFO:__main__:3028A register olvasasa sikeres, Erteke:234.64654541015625
INFO:__main__:3030A register olvasasa sikeres, Erteke:0
INFO:__main__:3032A register olvasasa sikeres, Erteke:0
INFO:__main__:3000A register olvasasa sikeres, Erteke:1.0070799589157104
INFO:__main__:3002A register olvasasa sikeres, Erteke:0
INFO:__main__:3004A register olvasasa sikeres, Erteke:0
INFO:__main__:3076A register olvasasa sikeres, Erteke:0.23630782961845398
INFO:__main__:3060A register olvasasa sikeres, Erteke:0.23616935312747955
INFO:__main__:3068A register olvasasa sikeres, Erteke:-0.008088620379567146
INFO:__main__:3110A register olvasasa sikeres, Erteke:50.011878967285156
INFO:__main__:3196A register olvasasa sikeres, Erteke:1.3577855686183571e-36
INFO:__main__:3240A register olvasasa sikeres, Erteke:9
INFO:__main__:3208A register olvasasa sikeres, Erteke:9
INFO:__main__:3224A register olvasasa sikeres, Erteke:216
INFO:__main__:-------------------------------------------------
INFO:__main__:234.64654541015625 Feltoltve az adatbazisba!
INFO:__main__:0 Feltoltve az adatbazisba!
INFO:__main__:0 Feltoltve az adatbazisba!
INFO:__main__:1.0070799589157104 Feltoltve az adatbazisba!
INFO:__main__:0 Feltoltve az adatbazisba!
INFO:__main__:0 Feltoltve az adatbazisba!
INFO:__main__:0.23630782961845398 Feltoltve az adatbazisba!
INFO:__main__:0.23616935312747955 Feltoltve az adatbazisba!
INFO:__main__:-0.008088620379567146 Feltoltve az adatbazisba!
INFO:__main__:50.011878967285156 Feltoltve az adatbazisba!
INFO:__main__:1.3577855686183571e-36 Feltoltve az adatbazisba!
INFO:__main__:9 Feltoltve az adatbazisba!
INFO:__main__:9 Feltoltve az adatbazisba!
INFO:__main__:216 Feltoltve az adatbazisba!
INFO:__main__:-------------------------------------------------
INFO:__main__:-------------------------------------------------
INFO:__main__:Az olvasas es feltoltes befejezodott, 1 perc varakozas!
INFO:__main__:Az olvasas megkezdodott!
INFO:__main__:-------------------------------------------------
INFO:__main__:3028A register olvasasa sikeres, Erteke:234.18809509277344
INFO:__main__:3030A register olvasasa sikeres, Erteke:0
INFO:__main__:3032A register olvasasa sikeres, Erteke:0
INFO:__main__:3000A register olvasasa sikeres, Erteke:1.0055311918258667
INFO:__main__:3002A register olvasasa sikeres, Erteke:0
INFO:__main__:3004A register olvasasa sikeres, Erteke:0
INFO:__main__:3076A register olvasasa sikeres, Erteke:0.23548342287540436
INFO:__main__:3060A register olvasasa sikeres, Erteke:0.235348179936409
INFO:__main__:3068A register olvasasa sikeres, Erteke:-0.007980200462043285
INFO:__main__:3110A register olvasasa sikeres, Erteke:50.0086669921875
INFO:__main__:3196A register olvasasa sikeres, Erteke:1.3577855686183571e-36
INFO:__main__:3240A register olvasasa sikeres, Erteke:9
INFO:__main__:3208A register olvasasa sikeres, Erteke:9
INFO:__main__:3224A register olvasasa sikeres, Erteke:216
INFO:__main__:-------------------------------------------------
INFO:__main__:234.18809509277344 Feltoltve az adatbazisba!
INFO:__main__:0 Feltoltve az adatbazisba!
INFO:__main__:0 Feltoltve az adatbazisba!
INFO:__main__:1.0055311918258667 Feltoltve az adatbazisba!
INFO:__main__:0 Feltoltve az adatbazisba!
INFO:__main__:0 Feltoltve az adatbazisba!
INFO:__main__:0.23548342287540436 Feltoltve az adatbazisba!
INFO:__main__:0.235348179936409 Feltoltve az adatbazisba!
INFO:__main__:-0.007980200462043285 Feltoltve az adatbazisba!
INFO:__main__:50.0086669921875 Feltoltve az adatbazisba!
INFO:__main__:1.3577855686183571e-36 Feltoltve az adatbazisba!
INFO:__main__:9 Feltoltve az adatbazisba!
INFO:__main__:9 Feltoltve az adatbazisba!
INFO:__main__:216 Feltoltve az adatbazisba!
INFO:__main__:-------------------------------------------------
INFO:__main__:-------------------------------------------------
INFO:__main__:Az olvasas es feltoltes befejezodott, 1 perc varakozas!
INFO:__main__:Az olvasas megkezdodott!
INFO:__main__:-------------------------------------------------
INFO:__main__:3028A register olvasasa sikeres, Erteke:235.08445739746094
INFO:__main__:3030A register olvasasa sikeres, Erteke:0
INFO:__main__:3032A register olvasasa sikeres, Erteke:0
INFO:__main__:3000A register olvasasa sikeres, Erteke:1.0083487033843994
INFO:__main__:3002A register olvasasa sikeres, Erteke:0
INFO:__main__:3004A register olvasasa sikeres, Erteke:0
INFO:__main__:3076A register olvasasa sikeres, Erteke:0.23704710602760315
INFO:__main__:3060A register olvasasa sikeres, Erteke:0.23691052198410034
INFO:__main__:3068A register olvasasa sikeres, Erteke:-0.008045767433941364
INFO:__main__:3110A register olvasasa sikeres, Erteke:50.00846862792969
INFO:__main__:3196A register olvasasa sikeres, Erteke:1.3577855686183571e-36
INFO:__main__:3240A register olvasasa sikeres, Erteke:9
INFO:__main__:3208A register olvasasa sikeres, Erteke:9
INFO:__main__:3224A register olvasasa sikeres, Erteke:217
INFO:__main__:-------------------------------------------------
INFO:__main__:235.08445739746094 Feltoltve az adatbazisba!
INFO:__main__:0 Feltoltve az adatbazisba!
INFO:__main__:0 Feltoltve az adatbazisba!
INFO:__main__:1.0083487033843994 Feltoltve az adatbazisba!
INFO:__main__:0 Feltoltve az adatbazisba!
INFO:__main__:0 Feltoltve az adatbazisba!
INFO:__main__:0.23704710602760315 Feltoltve az adatbazisba!
INFO:__main__:0.23691052198410034 Feltoltve az adatbazisba!
INFO:__main__:-0.008045767433941364 Feltoltve az adatbazisba!
INFO:__main__:50.00846862792969 Feltoltve az adatbazisba!
INFO:__main__:1.3577855686183571e-36 Feltoltve az adatbazisba!
INFO:__main__:9 Feltoltve az adatbazisba!
INFO:__main__:9 Feltoltve az adatbazisba!
INFO:__main__:217 Feltoltve az adatbazisba!
INFO:__main__:-------------------------------------------------
INFO:__main__:-------------------------------------------------
INFO:__main__:Az olvasas es feltoltes befejezodott, 1 perc varakozas!
INFO:__main__:Az olvasas megkezdodott!
INFO:__main__:-------------------------------------------------
INFO:__main__:3028A register olvasasa sikeres, Erteke:235.3521728515625
INFO:__main__:3030A register olvasasa sikeres, Erteke:0
INFO:__main__:3032A register olvasasa sikeres, Erteke:0
INFO:__main__:3000A register olvasasa sikeres, Erteke:1.0089038610458374
INFO:__main__:3002A register olvasasa sikeres, Erteke:0
INFO:__main__:3004A register olvasasa sikeres, Erteke:0
INFO:__main__:3076A register olvasasa sikeres, Erteke:0.23744772374629974
INFO:__main__:3060A register olvasasa sikeres, Erteke:0.23731867969036102
INFO:__main__:3068A register olvasasa sikeres, Erteke:-0.00782723631709814
INFO:__main__:3110A register olvasasa sikeres, Erteke:50.018653869628906
INFO:__main__:3196A register olvasasa sikeres, Erteke:1.3577855686183571e-36
INFO:__main__:3240A register olvasasa sikeres, Erteke:9
INFO:__main__:3208A register olvasasa sikeres, Erteke:9
INFO:__main__:3224A register olvasasa sikeres, Erteke:217
INFO:__main__:-------------------------------------------------
INFO:__main__:235.3521728515625 Feltoltve az adatbazisba!
INFO:__main__:0 Feltoltve az adatbazisba!
INFO:__main__:0 Feltoltve az adatbazisba!
INFO:__main__:1.0089038610458374 Feltoltve az adatbazisba!
INFO:__main__:0 Feltoltve az adatbazisba!
INFO:__main__:0 Feltoltve az adatbazisba!
INFO:__main__:0.23744772374629974 Feltoltve az adatbazisba!
INFO:__main__:0.23731867969036102 Feltoltve az adatbazisba!
INFO:__main__:-0.00782723631709814 Feltoltve az adatbazisba!
INFO:__main__:50.018653869628906 Feltoltve az adatbazisba!
INFO:__main__:1.3577855686183571e-36 Feltoltve az adatbazisba!
INFO:__main__:9 Feltoltve az adatbazisba!
INFO:__main__:9 Feltoltve az adatbazisba!
INFO:__main__:217 Feltoltve az adatbazisba!
INFO:__main__:-------------------------------------------------
INFO:__main__:-------------------------------------------------
INFO:__main__:Az olvasas es feltoltes befejezodott, 1 perc varakozas!
INFO:__main__:Az olvasas megkezdodott!
INFO:__main__:-------------------------------------------------
INFO:__main__:3028A register olvasasa sikeres, Erteke:232.4235076904297
INFO:__main__:3030A register olvasasa sikeres, Erteke:0
INFO:__main__:3032A register olvasasa sikeres, Erteke:0
INFO:__main__:3000A register olvasasa sikeres, Erteke:1.0018073320388794
INFO:__main__:3002A register olvasasa sikeres, Erteke:0
INFO:__main__:3004A register olvasasa sikeres, Erteke:0
INFO:__main__:3076A register olvasasa sikeres, Erteke:0.2328435629606247
INFO:__main__:3060A register olvasasa sikeres, Erteke:0.23271015286445618
INFO:__main__:3068A register olvasasa sikeres, Erteke:-0.00788070261478424
INFO:__main__:3110A register olvasasa sikeres, Erteke:50.02345275878906
INFO:__main__:3196A register olvasasa sikeres, Erteke:1.3577855686183571e-36
INFO:__main__:3240A register olvasasa sikeres, Erteke:9
INFO:__main__:3208A register olvasasa sikeres, Erteke:9
INFO:__main__:3224A register olvasasa sikeres, Erteke:217
INFO:__main__:-------------------------------------------------
INFO:__main__:232.4235076904297 Feltoltve az adatbazisba!
INFO:__main__:0 Feltoltve az adatbazisba!
INFO:__main__:0 Feltoltve az adatbazisba!
INFO:__main__:1.0018073320388794 Feltoltve az adatbazisba!
INFO:__main__:0 Feltoltve az adatbazisba!
INFO:__main__:0 Feltoltve az adatbazisba!
INFO:__main__:0.2328435629606247 Feltoltve az adatbazisba!
INFO:__main__:0.23271015286445618 Feltoltve az adatbazisba!
INFO:__main__:-0.00788070261478424 Feltoltve az adatbazisba!
INFO:__main__:50.02345275878906 Feltoltve az adatbazisba!
INFO:__main__:1.3577855686183571e-36 Feltoltve az adatbazisba!
INFO:__main__:9 Feltoltve az adatbazisba!
INFO:__main__:9 Feltoltve az adatbazisba!
INFO:__main__:217 Feltoltve az adatbazisba!
INFO:__main__:-------------------------------------------------
INFO:__main__:-------------------------------------------------
INFO:__main__:Az olvasas es feltoltes befejezodott, 1 perc varakozas!
INFO:__main__:Az olvasas megkezdodott!
INFO:__main__:-------------------------------------------------
INFO:__main__:3028A register olvasasa sikeres, Erteke:231.17300415039062
INFO:__main__:3030A register olvasasa sikeres, Erteke:0
INFO:__main__:3032A register olvasasa sikeres, Erteke:0
INFO:__main__:3000A register olvasasa sikeres, Erteke:0.9985723495483398
INFO:__main__:3002A register olvasasa sikeres, Erteke:0
INFO:__main__:3004A register olvasasa sikeres, Erteke:0
INFO:__main__:3076A register olvasasa sikeres, Erteke:0.2308429777622223
INFO:__main__:3060A register olvasasa sikeres, Erteke:0.2307097166776657
INFO:__main__:3068A register olvasasa sikeres, Erteke:-0.007842442952096462
INFO:__main__:3110A register olvasasa sikeres, Erteke:50.02702713012695
INFO:__main__:3196A register olvasasa sikeres, Erteke:1.3577855686183571e-36
INFO:__main__:3240A register olvasasa sikeres, Erteke:9
INFO:__main__:3208A register olvasasa sikeres, Erteke:9
INFO:__main__:3224A register olvasasa sikeres, Erteke:217
INFO:__main__:-------------------------------------------------
INFO:__main__:231.17300415039062 Feltoltve az adatbazisba!
INFO:__main__:0 Feltoltve az adatbazisba!
INFO:__main__:0 Feltoltve az adatbazisba!
INFO:__main__:0.9985723495483398 Feltoltve az adatbazisba!
INFO:__main__:0 Feltoltve az adatbazisba!
INFO:__main__:0 Feltoltve az adatbazisba!
INFO:__main__:0.2308429777622223 Feltoltve az adatbazisba!
INFO:__main__:0.2307097166776657 Feltoltve az adatbazisba!
INFO:__main__:-0.007842442952096462 Feltoltve az adatbazisba!
INFO:__main__:50.02702713012695 Feltoltve az adatbazisba!
INFO:__main__:1.3577855686183571e-36 Feltoltve az adatbazisba!
INFO:__main__:9 Feltoltve az adatbazisba!
INFO:__main__:9 Feltoltve az adatbazisba!
INFO:__main__:217 Feltoltve az adatbazisba!
INFO:__main__:-------------------------------------------------
INFO:__main__:-------------------------------------------------
INFO:__main__:Az olvasas es feltoltes befejezodott, 1 perc varakozas!
INFO:__main__:Az olvasas megkezdodott!
INFO:__main__:-------------------------------------------------
INFO:__main__:3028A register olvasasa sikeres, Erteke:233.30738830566406
INFO:__main__:3030A register olvasasa sikeres, Erteke:0
INFO:__main__:3032A register olvasasa sikeres, Erteke:0
INFO:__main__:3000A register olvasasa sikeres, Erteke:1.0038267374038696
INFO:__main__:3002A register olvasasa sikeres, Erteke:0
INFO:__main__:3004A register olvasasa sikeres, Erteke:0
INFO:__main__:3076A register olvasasa sikeres, Erteke:0.23420019447803497
INFO:__main__:3060A register olvasasa sikeres, Erteke:0.2340668886899948
INFO:__main__:3068A register olvasasa sikeres, Erteke:-0.007900504395365715
INFO:__main__:3110A register olvasasa sikeres, Erteke:50.004173278808594
INFO:__main__:3196A register olvasasa sikeres, Erteke:1.3577855686183571e-36
INFO:__main__:3240A register olvasasa sikeres, Erteke:9
INFO:__main__:3208A register olvasasa sikeres, Erteke:9
INFO:__main__:3224A register olvasasa sikeres, Erteke:217
INFO:__main__:-------------------------------------------------
INFO:__main__:233.30738830566406 Feltoltve az adatbazisba!
INFO:__main__:0 Feltoltve az adatbazisba!
INFO:__main__:0 Feltoltve az adatbazisba!
INFO:__main__:1.0038267374038696 Feltoltve az adatbazisba!
INFO:__main__:0 Feltoltve az adatbazisba!
INFO:__main__:0 Feltoltve az adatbazisba!
INFO:__main__:0.23420019447803497 Feltoltve az adatbazisba!
INFO:__main__:0.2340668886899948 Feltoltve az adatbazisba!
INFO:__main__:-0.007900504395365715 Feltoltve az adatbazisba!
INFO:__main__:50.004173278808594 Feltoltve az adatbazisba!
INFO:__main__:1.3577855686183571e-36 Feltoltve az adatbazisba!
INFO:__main__:9 Feltoltve az adatbazisba!
INFO:__main__:9 Feltoltve az adatbazisba!
INFO:__main__:217 Feltoltve az adatbazisba!
INFO:__main__:-------------------------------------------------
INFO:__main__:-------------------------------------------------
INFO:__main__:Az olvasas es feltoltes befejezodott, 1 perc varakozas!
INFO:__main__:Az olvasas megkezdodott!
INFO:__main__:-------------------------------------------------
INFO:__main__:3028A register olvasasa sikeres, Erteke:235.19488525390625
INFO:__main__:3030A register olvasasa sikeres, Erteke:0
INFO:__main__:3032A register olvasasa sikeres, Erteke:0
INFO:__main__:3000A register olvasasa sikeres, Erteke:1.0086288452148438
INFO:__main__:3002A register olvasasa sikeres, Erteke:0
INFO:__main__:3004A register olvasasa sikeres, Erteke:0
INFO:__main__:3076A register olvasasa sikeres, Erteke:0.23722435534000397
INFO:__main__:3060A register olvasasa sikeres, Erteke:0.23708774149417877
INFO:__main__:3068A register olvasasa sikeres, Erteke:-0.008049650117754936
INFO:__main__:3110A register olvasasa sikeres, Erteke:50.008094787597656
INFO:__main__:3196A register olvasasa sikeres, Erteke:1.3577855686183571e-36
INFO:__main__:3240A register olvasasa sikeres, Erteke:9
INFO:__main__:3208A register olvasasa sikeres, Erteke:9
INFO:__main__:3224A register olvasasa sikeres, Erteke:217
INFO:__main__:-------------------------------------------------
INFO:__main__:235.19488525390625 Feltoltve az adatbazisba!
INFO:__main__:0 Feltoltve az adatbazisba!
INFO:__main__:0 Feltoltve az adatbazisba!
INFO:__main__:1.0086288452148438 Feltoltve az adatbazisba!
INFO:__main__:0 Feltoltve az adatbazisba!
INFO:__main__:0 Feltoltve az adatbazisba!
INFO:__main__:0.23722435534000397 Feltoltve az adatbazisba!
INFO:__main__:0.23708774149417877 Feltoltve az adatbazisba!
INFO:__main__:-0.008049650117754936 Feltoltve az adatbazisba!
INFO:__main__:50.008094787597656 Feltoltve az adatbazisba!
INFO:__main__:1.3577855686183571e-36 Feltoltve az adatbazisba!
INFO:__main__:9 Feltoltve az adatbazisba!
INFO:__main__:9 Feltoltve az adatbazisba!
INFO:__main__:217 Feltoltve az adatbazisba!
INFO:__main__:-------------------------------------------------
INFO:__main__:-------------------------------------------------
INFO:__main__:Az olvasas es feltoltes befejezodott, 1 perc varakozas!
INFO:__main__:Az olvasas megkezdodott!
INFO:__main__:-------------------------------------------------
INFO:__main__:3028A register olvasasa sikeres, Erteke:235.3805389404297
INFO:__main__:3030A register olvasasa sikeres, Erteke:0
INFO:__main__:3032A register olvasasa sikeres, Erteke:0
INFO:__main__:3000A register olvasasa sikeres, Erteke:1.0085787773132324
INFO:__main__:3002A register olvasasa sikeres, Erteke:0
INFO:__main__:3004A register olvasasa sikeres, Erteke:0
INFO:__main__:3076A register olvasasa sikeres, Erteke:0.23738253116607666
INFO:__main__:3060A register olvasasa sikeres, Erteke:0.23724506795406342
INFO:__main__:3068A register olvasasa sikeres, Erteke:-0.00807750504463911
INFO:__main__:3110A register olvasasa sikeres, Erteke:49.99319839477539
INFO:__main__:3196A register olvasasa sikeres, Erteke:1.3577855686183571e-36
INFO:__main__:3240A register olvasasa sikeres, Erteke:9
INFO:__main__:3208A register olvasasa sikeres, Erteke:9
INFO:__main__:3224A register olvasasa sikeres, Erteke:217
INFO:__main__:-------------------------------------------------
INFO:__main__:235.3805389404297 Feltoltve az adatbazisba!
INFO:__main__:0 Feltoltve az adatbazisba!
INFO:__main__:0 Feltoltve az adatbazisba!
INFO:__main__:1.0085787773132324 Feltoltve az adatbazisba!
INFO:__main__:0 Feltoltve az adatbazisba!
INFO:__main__:0 Feltoltve az adatbazisba!
INFO:__main__:0.23738253116607666 Feltoltve az adatbazisba!
INFO:__main__:0.23724506795406342 Feltoltve az adatbazisba!
INFO:__main__:-0.00807750504463911 Feltoltve az adatbazisba!
INFO:__main__:49.99319839477539 Feltoltve az adatbazisba!
INFO:__main__:1.3577855686183571e-36 Feltoltve az adatbazisba!
INFO:__main__:9 Feltoltve az adatbazisba!
INFO:__main__:9 Feltoltve az adatbazisba!
INFO:__main__:217 Feltoltve az adatbazisba!
INFO:__main__:-------------------------------------------------
INFO:__main__:-------------------------------------------------
INFO:__main__:Az olvasas es feltoltes befejezodott, 1 perc varakozas!
INFO:__main__:Az olvasas megkezdodott!
INFO:__main__:-------------------------------------------------
INFO:__main__:3028A register olvasasa sikeres, Erteke:234.29220581054688
INFO:__main__:3030A register olvasasa sikeres, Erteke:0
INFO:__main__:3032A register olvasasa sikeres, Erteke:0
INFO:__main__:3000A register olvasasa sikeres, Erteke:1.0062857866287231
INFO:__main__:3002A register olvasasa sikeres, Erteke:0
INFO:__main__:3004A register olvasasa sikeres, Erteke:0
INFO:__main__:3076A register olvasasa sikeres, Erteke:0.23576492071151733
INFO:__main__:3060A register olvasasa sikeres, Erteke:0.23563505709171295
INFO:__main__:3068A register olvasasa sikeres, Erteke:-0.007824241183698177
INFO:__main__:3110A register olvasasa sikeres, Erteke:50.00129318237305
INFO:__main__:3196A register olvasasa sikeres, Erteke:1.3577855686183571e-36
INFO:__main__:3240A register olvasasa sikeres, Erteke:9
INFO:__main__:3208A register olvasasa sikeres, Erteke:9
INFO:__main__:3224A register olvasasa sikeres, Erteke:218
INFO:__main__:-------------------------------------------------
INFO:__main__:234.29220581054688 Feltoltve az adatbazisba!
INFO:__main__:0 Feltoltve az adatbazisba!
INFO:__main__:0 Feltoltve az adatbazisba!
INFO:__main__:1.0062857866287231 Feltoltve az adatbazisba!
INFO:__main__:0 Feltoltve az adatbazisba!
INFO:__main__:0 Feltoltve az adatbazisba!
INFO:__main__:0.23576492071151733 Feltoltve az adatbazisba!
INFO:__main__:0.23563505709171295 Feltoltve az adatbazisba!
INFO:__main__:-0.007824241183698177 Feltoltve az adatbazisba!
INFO:__main__:50.00129318237305 Feltoltve az adatbazisba!
INFO:__main__:1.3577855686183571e-36 Feltoltve az adatbazisba!
INFO:__main__:9 Feltoltve az adatbazisba!
INFO:__main__:9 Feltoltve az adatbazisba!
INFO:__main__:218 Feltoltve az adatbazisba!
INFO:__main__:-------------------------------------------------
INFO:__main__:-------------------------------------------------
INFO:__main__:Az olvasas es feltoltes befejezodott, 1 perc varakozas!
INFO:__main__:Az olvasas megkezdodott!
INFO:__main__:-------------------------------------------------
INFO:__main__:3028A register olvasasa sikeres, Erteke:235.51834106445312
INFO:__main__:3030A register olvasasa sikeres, Erteke:0
INFO:__main__:3032A register olvasasa sikeres, Erteke:0
INFO:__main__:3000A register olvasasa sikeres, Erteke:1.0095884799957275
INFO:__main__:3002A register olvasasa sikeres, Erteke:0
INFO:__main__:3004A register olvasasa sikeres, Erteke:0
INFO:__main__:3076A register olvasasa sikeres, Erteke:0.23777660727500916
INFO:__main__:3060A register olvasasa sikeres, Erteke:0.23764270544052124
INFO:__main__:3068A register olvasasa sikeres, Erteke:-0.00797897670418024
INFO:__main__:3110A register olvasasa sikeres, Erteke:49.982364654541016
INFO:__main__:3196A register olvasasa sikeres, Erteke:1.3577855686183571e-36
INFO:__main__:3240A register olvasasa sikeres, Erteke:9
INFO:__main__:3208A register olvasasa sikeres, Erteke:9
INFO:__main__:3224A register olvasasa sikeres, Erteke:218
INFO:__main__:-------------------------------------------------
INFO:__main__:235.51834106445312 Feltoltve az adatbazisba!
INFO:__main__:0 Feltoltve az adatbazisba!
INFO:__main__:0 Feltoltve az adatbazisba!
INFO:__main__:1.0095884799957275 Feltoltve az adatbazisba!
INFO:__main__:0 Feltoltve az adatbazisba!
INFO:__main__:0 Feltoltve az adatbazisba!
INFO:__main__:0.23777660727500916 Feltoltve az adatbazisba!
INFO:__main__:0.23764270544052124 Feltoltve az adatbazisba!
INFO:__main__:-0.00797897670418024 Feltoltve az adatbazisba!
INFO:__main__:49.982364654541016 Feltoltve az adatbazisba!
INFO:__main__:1.3577855686183571e-36 Feltoltve az adatbazisba!
INFO:__main__:9 Feltoltve az adatbazisba!
INFO:__main__:9 Feltoltve az adatbazisba!
INFO:__main__:218 Feltoltve az adatbazisba!
INFO:__main__:-------------------------------------------------
INFO:__main__:-------------------------------------------------
INFO:__main__:Az olvasas es feltoltes befejezodott, 1 perc varakozas!
INFO:__main__:Az olvasas megkezdodott!
INFO:__main__:-------------------------------------------------
INFO:__main__:3028A register olvasasa sikeres, Erteke:234.7252655029297
INFO:__main__:3030A register olvasasa sikeres, Erteke:0
INFO:__main__:3032A register olvasasa sikeres, Erteke:0
INFO:__main__:3000A register olvasasa sikeres, Erteke:1.006689190864563
INFO:__main__:3002A register olvasasa sikeres, Erteke:0
INFO:__main__:3004A register olvasasa sikeres, Erteke:0
INFO:__main__:3076A register olvasasa sikeres, Erteke:0.2362954020500183
INFO:__main__:3060A register olvasasa sikeres, Erteke:0.2361607700586319
INFO:__main__:3068A register olvasasa sikeres, Erteke:-0.007975303567945957
INFO:__main__:3110A register olvasasa sikeres, Erteke:50.015716552734375
INFO:__main__:3196A register olvasasa sikeres, Erteke:1.3577855686183571e-36
INFO:__main__:3240A register olvasasa sikeres, Erteke:9
INFO:__main__:3208A register olvasasa sikeres, Erteke:9
INFO:__main__:3224A register olvasasa sikeres, Erteke:218
INFO:__main__:-------------------------------------------------
INFO:__main__:234.7252655029297 Feltoltve az adatbazisba!
INFO:__main__:0 Feltoltve az adatbazisba!
INFO:__main__:0 Feltoltve az adatbazisba!
INFO:__main__:1.006689190864563 Feltoltve az adatbazisba!
INFO:__main__:0 Feltoltve az adatbazisba!
INFO:__main__:0 Feltoltve az adatbazisba!
INFO:__main__:0.2362954020500183 Feltoltve az adatbazisba!
INFO:__main__:0.2361607700586319 Feltoltve az adatbazisba!
INFO:__main__:-0.007975303567945957 Feltoltve az adatbazisba!
INFO:__main__:50.015716552734375 Feltoltve az adatbazisba!
INFO:__main__:1.3577855686183571e-36 Feltoltve az adatbazisba!
INFO:__main__:9 Feltoltve az adatbazisba!
INFO:__main__:9 Feltoltve az adatbazisba!
INFO:__main__:218 Feltoltve az adatbazisba!
INFO:__main__:-------------------------------------------------
INFO:__main__:-------------------------------------------------
INFO:__main__:Az olvasas es feltoltes befejezodott, 1 perc varakozas!
INFO:__main__:Az olvasas megkezdodott!
INFO:__main__:-------------------------------------------------
INFO:__main__:3028A register olvasasa sikeres, Erteke:235.42398071289062
INFO:__main__:3030A register olvasasa sikeres, Erteke:0
INFO:__main__:3032A register olvasasa sikeres, Erteke:0
INFO:__main__:3000A register olvasasa sikeres, Erteke:1.0089263916015625
INFO:__main__:3002A register olvasasa sikeres, Erteke:0
INFO:__main__:3004A register olvasasa sikeres, Erteke:0
INFO:__main__:3076A register olvasasa sikeres, Erteke:0.23752546310424805
INFO:__main__:3060A register olvasasa sikeres, Erteke:0.23738890886306763
INFO:__main__:3068A register olvasasa sikeres, Erteke:-0.008053047582507133
INFO:__main__:3110A register olvasasa sikeres, Erteke:50.0131950378418
INFO:__main__:3196A register olvasasa sikeres, Erteke:1.3577855686183571e-36
INFO:__main__:3240A register olvasasa sikeres, Erteke:9
INFO:__main__:3208A register olvasasa sikeres, Erteke:9
INFO:__main__:3224A register olvasasa sikeres, Erteke:218
INFO:__main__:-------------------------------------------------
INFO:__main__:235.42398071289062 Feltoltve az adatbazisba!
INFO:__main__:0 Feltoltve az adatbazisba!
INFO:__main__:0 Feltoltve az adatbazisba!
INFO:__main__:1.0089263916015625 Feltoltve az adatbazisba!
INFO:__main__:0 Feltoltve az adatbazisba!
INFO:__main__:0 Feltoltve az adatbazisba!
INFO:__main__:0.23752546310424805 Feltoltve az adatbazisba!
INFO:__main__:0.23738890886306763 Feltoltve az adatbazisba!
INFO:__main__:-0.008053047582507133 Feltoltve az adatbazisba!
INFO:__main__:50.0131950378418 Feltoltve az adatbazisba!
INFO:__main__:1.3577855686183571e-36 Feltoltve az adatbazisba!
INFO:__main__:9 Feltoltve az adatbazisba!
INFO:__main__:9 Feltoltve az adatbazisba!
INFO:__main__:218 Feltoltve az adatbazisba!
INFO:__main__:-------------------------------------------------
INFO:__main__:-------------------------------------------------
INFO:__main__:Az olvasas es feltoltes befejezodott, 1 perc varakozas!
INFO:__main__:Az olvasas megkezdodott!
INFO:__main__:-------------------------------------------------
INFO:__main__:3028A register olvasasa sikeres, Erteke:235.28421020507812
INFO:__main__:3030A register olvasasa sikeres, Erteke:0
INFO:__main__:3032A register olvasasa sikeres, Erteke:0
INFO:__main__:3000A register olvasasa sikeres, Erteke:1.0091787576675415
INFO:__main__:3002A register olvasasa sikeres, Erteke:0
INFO:__main__:3004A register olvasasa sikeres, Erteke:0
INFO:__main__:3076A register olvasasa sikeres, Erteke:0.23744383454322815
INFO:__main__:3060A register olvasasa sikeres, Erteke:0.23730933666229248
INFO:__main__:3068A register olvasasa sikeres, Erteke:-0.007990716956555843
INFO:__main__:3110A register olvasasa sikeres, Erteke:50.007476806640625
INFO:__main__:3196A register olvasasa sikeres, Erteke:1.3577855686183571e-36
INFO:__main__:3240A register olvasasa sikeres, Erteke:9
INFO:__main__:3208A register olvasasa sikeres, Erteke:9
INFO:__main__:3224A register olvasasa sikeres, Erteke:218
INFO:__main__:-------------------------------------------------
INFO:__main__:235.28421020507812 Feltoltve az adatbazisba!
INFO:__main__:0 Feltoltve az adatbazisba!
INFO:__main__:0 Feltoltve az adatbazisba!
INFO:__main__:1.0091787576675415 Feltoltve az adatbazisba!
INFO:__main__:0 Feltoltve az adatbazisba!
INFO:__main__:0 Feltoltve az adatbazisba!
INFO:__main__:0.23744383454322815 Feltoltve az adatbazisba!
INFO:__main__:0.23730933666229248 Feltoltve az adatbazisba!
INFO:__main__:-0.007990716956555843 Feltoltve az adatbazisba!
INFO:__main__:50.007476806640625 Feltoltve az adatbazisba!
INFO:__main__:1.3577855686183571e-36 Feltoltve az adatbazisba!
INFO:__main__:9 Feltoltve az adatbazisba!
INFO:__main__:9 Feltoltve az adatbazisba!
INFO:__main__:218 Feltoltve az adatbazisba!
INFO:__main__:-------------------------------------------------
INFO:__main__:-------------------------------------------------
INFO:__main__:Az olvasas es feltoltes befejezodott, 1 perc varakozas!
INFO:__main__:Az olvasas megkezdodott!
INFO:__main__:-------------------------------------------------
INFO:__main__:3028A register olvasasa sikeres, Erteke:235.508544921875
INFO:__main__:3030A register olvasasa sikeres, Erteke:0
INFO:__main__:3032A register olvasasa sikeres, Erteke:0
INFO:__main__:3000A register olvasasa sikeres, Erteke:1.0095809698104858
INFO:__main__:3002A register olvasasa sikeres, Erteke:0
INFO:__main__:3004A register olvasasa sikeres, Erteke:0
INFO:__main__:3076A register olvasasa sikeres, Erteke:0.23776493966579437
INFO:__main__:3060A register olvasasa sikeres, Erteke:0.2376282662153244
INFO:__main__:3068A register olvasasa sikeres, Erteke:-0.008060562424361706
INFO:__main__:3110A register olvasasa sikeres, Erteke:50.016056060791016
INFO:__main__:3196A register olvasasa sikeres, Erteke:1.3577855686183571e-36
INFO:__main__:3240A register olvasasa sikeres, Erteke:9
INFO:__main__:3208A register olvasasa sikeres, Erteke:9
INFO:__main__:3224A register olvasasa sikeres, Erteke:218
INFO:__main__:-------------------------------------------------
INFO:__main__:235.508544921875 Feltoltve az adatbazisba!
INFO:__main__:0 Feltoltve az adatbazisba!
INFO:__main__:0 Feltoltve az adatbazisba!
INFO:__main__:1.0095809698104858 Feltoltve az adatbazisba!
INFO:__main__:0 Feltoltve az adatbazisba!
INFO:__main__:0 Feltoltve az adatbazisba!
INFO:__main__:0.23776493966579437 Feltoltve az adatbazisba!
INFO:__main__:0.2376282662153244 Feltoltve az adatbazisba!
INFO:__main__:-0.008060562424361706 Feltoltve az adatbazisba!
INFO:__main__:50.016056060791016 Feltoltve az adatbazisba!
INFO:__main__:1.3577855686183571e-36 Feltoltve az adatbazisba!
INFO:__main__:9 Feltoltve az adatbazisba!
INFO:__main__:9 Feltoltve az adatbazisba!
INFO:__main__:218 Feltoltve az adatbazisba!
INFO:__main__:-------------------------------------------------
INFO:__main__:-------------------------------------------------
INFO:__main__:Az olvasas es feltoltes befejezodott, 1 perc varakozas!
INFO:__main__:Az olvasas megkezdodott!
INFO:__main__:-------------------------------------------------
INFO:__main__:3028A register olvasasa sikeres, Erteke:235.9505615234375
INFO:__main__:3030A register olvasasa sikeres, Erteke:0
INFO:__main__:3032A register olvasasa sikeres, Erteke:0
INFO:__main__:3000A register olvasasa sikeres, Erteke:1.0104724168777466
INFO:__main__:3002A register olvasasa sikeres, Erteke:0
INFO:__main__:3004A register olvasasa sikeres, Erteke:0
INFO:__main__:3076A register olvasasa sikeres, Erteke:0.23842154443264008
INFO:__main__:3060A register olvasasa sikeres, Erteke:0.2382887452840805
INFO:__main__:3068A register olvasasa sikeres, Erteke:-0.00795666966587305
INFO:__main__:3110A register olvasasa sikeres, Erteke:50.002113342285156
INFO:__main__:3196A register olvasasa sikeres, Erteke:1.3577855686183571e-36
INFO:__main__:3240A register olvasasa sikeres, Erteke:9
INFO:__main__:3208A register olvasasa sikeres, Erteke:9
INFO:__main__:3224A register olvasasa sikeres, Erteke:218
INFO:__main__:-------------------------------------------------
INFO:__main__:235.9505615234375 Feltoltve az adatbazisba!
INFO:__main__:0 Feltoltve az adatbazisba!
INFO:__main__:0 Feltoltve az adatbazisba!
INFO:__main__:1.0104724168777466 Feltoltve az adatbazisba!
INFO:__main__:0 Feltoltve az adatbazisba!
INFO:__main__:0 Feltoltve az adatbazisba!
INFO:__main__:0.23842154443264008 Feltoltve az adatbazisba!
INFO:__main__:0.2382887452840805 Feltoltve az adatbazisba!
INFO:__main__:-0.00795666966587305 Feltoltve az adatbazisba!
INFO:__main__:50.002113342285156 Feltoltve az adatbazisba!
INFO:__main__:1.3577855686183571e-36 Feltoltve az adatbazisba!
INFO:__main__:9 Feltoltve az adatbazisba!
INFO:__main__:9 Feltoltve az adatbazisba!
INFO:__main__:218 Feltoltve az adatbazisba!
INFO:__main__:-------------------------------------------------
INFO:__main__:-------------------------------------------------
INFO:__main__:Az olvasas es feltoltes befejezodott, 1 perc varakozas!
INFO:__main__:Az olvasas megkezdodott!
INFO:__main__:-------------------------------------------------
INFO:__main__:3028A register olvasasa sikeres, Erteke:236.05918884277344
INFO:__main__:3030A register olvasasa sikeres, Erteke:0
INFO:__main__:3032A register olvasasa sikeres, Erteke:0
INFO:__main__:3000A register olvasasa sikeres, Erteke:1.0106520652770996
INFO:__main__:3002A register olvasasa sikeres, Erteke:0
INFO:__main__:3004A register olvasasa sikeres, Erteke:0
INFO:__main__:3076A register olvasasa sikeres, Erteke:0.23857370018959045
INFO:__main__:3060A register olvasasa sikeres, Erteke:0.23843809962272644
INFO:__main__:3068A register olvasasa sikeres, Erteke:-0.008042611181735992
INFO:__main__:3110A register olvasasa sikeres, Erteke:49.968868255615234
INFO:__main__:3196A register olvasasa sikeres, Erteke:1.3577855686183571e-36
INFO:__main__:3240A register olvasasa sikeres, Erteke:9
INFO:__main__:3208A register olvasasa sikeres, Erteke:9
INFO:__main__:3224A register olvasasa sikeres, Erteke:218
INFO:__main__:-------------------------------------------------
INFO:__main__:236.05918884277344 Feltoltve az adatbazisba!
INFO:__main__:0 Feltoltve az adatbazisba!
INFO:__main__:0 Feltoltve az adatbazisba!
INFO:__main__:1.0106520652770996 Feltoltve az adatbazisba!
INFO:__main__:0 Feltoltve az adatbazisba!
INFO:__main__:0 Feltoltve az adatbazisba!
INFO:__main__:0.23857370018959045 Feltoltve az adatbazisba!
INFO:__main__:0.23843809962272644 Feltoltve az adatbazisba!
INFO:__main__:-0.008042611181735992 Feltoltve az adatbazisba!
INFO:__main__:49.968868255615234 Feltoltve az adatbazisba!
INFO:__main__:1.3577855686183571e-36 Feltoltve az adatbazisba!
INFO:__main__:9 Feltoltve az adatbazisba!
INFO:__main__:9 Feltoltve az adatbazisba!
INFO:__main__:218 Feltoltve az adatbazisba!
INFO:__main__:-------------------------------------------------
INFO:__main__:-------------------------------------------------
INFO:__main__:Az olvasas es feltoltes befejezodott, 1 perc varakozas!
INFO:__main__:Az olvasas megkezdodott!
INFO:__main__:-------------------------------------------------
INFO:__main__:3028A register olvasasa sikeres, Erteke:235.52679443359375
INFO:__main__:3030A register olvasasa sikeres, Erteke:0
INFO:__main__:3032A register olvasasa sikeres, Erteke:0
INFO:__main__:3000A register olvasasa sikeres, Erteke:1.0096559524536133
INFO:__main__:3002A register olvasasa sikeres, Erteke:0
INFO:__main__:3004A register olvasasa sikeres, Erteke:0
INFO:__main__:3076A register olvasasa sikeres, Erteke:0.23780103027820587
INFO:__main__:3060A register olvasasa sikeres, Erteke:0.2376653105020523
INFO:__main__:3068A register olvasasa sikeres, Erteke:-0.00803289096802473
INFO:__main__:3110A register olvasasa sikeres, Erteke:49.96369552612305
INFO:__main__:3196A register olvasasa sikeres, Erteke:1.3577855686183571e-36
INFO:__main__:3240A register olvasasa sikeres, Erteke:9
INFO:__main__:3208A register olvasasa sikeres, Erteke:9
INFO:__main__:3224A register olvasasa sikeres, Erteke:219
INFO:__main__:-------------------------------------------------
INFO:__main__:235.52679443359375 Feltoltve az adatbazisba!
INFO:__main__:0 Feltoltve az adatbazisba!
INFO:__main__:0 Feltoltve az adatbazisba!
INFO:__main__:1.0096559524536133 Feltoltve az adatbazisba!
INFO:__main__:0 Feltoltve az adatbazisba!
INFO:__main__:0 Feltoltve az adatbazisba!
INFO:__main__:0.23780103027820587 Feltoltve az adatbazisba!
INFO:__main__:0.2376653105020523 Feltoltve az adatbazisba!
INFO:__main__:-0.00803289096802473 Feltoltve az adatbazisba!
INFO:__main__:49.96369552612305 Feltoltve az adatbazisba!
INFO:__main__:1.3577855686183571e-36 Feltoltve az adatbazisba!
INFO:__main__:9 Feltoltve az adatbazisba!
INFO:__main__:9 Feltoltve az adatbazisba!
INFO:__main__:219 Feltoltve az adatbazisba!
INFO:__main__:-------------------------------------------------
INFO:__main__:-------------------------------------------------
INFO:__main__:Az olvasas es feltoltes befejezodott, 1 perc varakozas!
INFO:__main__:Az olvasas megkezdodott!
INFO:__main__:-------------------------------------------------
INFO:__main__:3028A register olvasasa sikeres, Erteke:236.70822143554688
INFO:__main__:3030A register olvasasa sikeres, Erteke:0
INFO:__main__:3032A register olvasasa sikeres, Erteke:0
INFO:__main__:3000A register olvasasa sikeres, Erteke:1.0121506452560425
INFO:__main__:3002A register olvasasa sikeres, Erteke:0
INFO:__main__:3004A register olvasasa sikeres, Erteke:0
INFO:__main__:3076A register olvasasa sikeres, Erteke:0.23958438634872437
INFO:__main__:3060A register olvasasa sikeres, Erteke:0.23944368958473206
INFO:__main__:3068A register olvasasa sikeres, Erteke:-0.008078471757471561
INFO:__main__:3110A register olvasasa sikeres, Erteke:49.95805740356445
INFO:__main__:3196A register olvasasa sikeres, Erteke:1.3577855686183571e-36
INFO:__main__:3240A register olvasasa sikeres, Erteke:9
INFO:__main__:3208A register olvasasa sikeres, Erteke:9
INFO:__main__:3224A register olvasasa sikeres, Erteke:219
INFO:__main__:-------------------------------------------------
INFO:__main__:236.70822143554688 Feltoltve az adatbazisba!
INFO:__main__:0 Feltoltve az adatbazisba!
INFO:__main__:0 Feltoltve az adatbazisba!
INFO:__main__:1.0121506452560425 Feltoltve az adatbazisba!
INFO:__main__:0 Feltoltve az adatbazisba!
INFO:__main__:0 Feltoltve az adatbazisba!
INFO:__main__:0.23958438634872437 Feltoltve az adatbazisba!
INFO:__main__:0.23944368958473206 Feltoltve az adatbazisba!
INFO:__main__:-0.008078471757471561 Feltoltve az adatbazisba!
INFO:__main__:49.95805740356445 Feltoltve az adatbazisba!
INFO:__main__:1.3577855686183571e-36 Feltoltve az adatbazisba!
INFO:__main__:9 Feltoltve az adatbazisba!
INFO:__main__:9 Feltoltve az adatbazisba!
INFO:__main__:219 Feltoltve az adatbazisba!
INFO:__main__:-------------------------------------------------
INFO:__main__:-------------------------------------------------
INFO:__main__:Az olvasas es feltoltes befejezodott, 1 perc varakozas!
INFO:__main__:Az olvasas megkezdodott!
INFO:__main__:-------------------------------------------------
INFO:__main__:3028A register olvasasa sikeres, Erteke:236.22901916503906
INFO:__main__:3030A register olvasasa sikeres, Erteke:0
INFO:__main__:3032A register olvasasa sikeres, Erteke:0
INFO:__main__:3000A register olvasasa sikeres, Erteke:1.0104399919509888
INFO:__main__:3002A register olvasasa sikeres, Erteke:0
INFO:__main__:3004A register olvasasa sikeres, Erteke:0
INFO:__main__:3076A register olvasasa sikeres, Erteke:0.23869524896144867
INFO:__main__:3060A register olvasasa sikeres, Erteke:0.23855851590633392
INFO:__main__:3068A register olvasasa sikeres, Erteke:-0.008077988401055336
INFO:__main__:3110A register olvasasa sikeres, Erteke:49.974918365478516
INFO:__main__:3196A register olvasasa sikeres, Erteke:1.3577855686183571e-36
INFO:__main__:3240A register olvasasa sikeres, Erteke:9
INFO:__main__:3208A register olvasasa sikeres, Erteke:9
INFO:__main__:3224A register olvasasa sikeres, Erteke:219
INFO:__main__:-------------------------------------------------
INFO:__main__:236.22901916503906 Feltoltve az adatbazisba!
INFO:__main__:0 Feltoltve az adatbazisba!
INFO:__main__:0 Feltoltve az adatbazisba!
INFO:__main__:1.0104399919509888 Feltoltve az adatbazisba!
INFO:__main__:0 Feltoltve az adatbazisba!
INFO:__main__:0 Feltoltve az adatbazisba!
INFO:__main__:0.23869524896144867 Feltoltve az adatbazisba!
INFO:__main__:0.23855851590633392 Feltoltve az adatbazisba!
INFO:__main__:-0.008077988401055336 Feltoltve az adatbazisba!
INFO:__main__:49.974918365478516 Feltoltve az adatbazisba!
INFO:__main__:1.3577855686183571e-36 Feltoltve az adatbazisba!
INFO:__main__:9 Feltoltve az adatbazisba!
INFO:__main__:9 Feltoltve az adatbazisba!
INFO:__main__:219 Feltoltve az adatbazisba!
INFO:__main__:-------------------------------------------------
INFO:__main__:-------------------------------------------------
INFO:__main__:Az olvasas es feltoltes befejezodott, 1 perc varakozas!
INFO:__main__:Az olvasas megkezdodott!
INFO:__main__:-------------------------------------------------
INFO:__main__:3028A register olvasasa sikeres, Erteke:235.7780303955078
INFO:__main__:3030A register olvasasa sikeres, Erteke:0
INFO:__main__:3032A register olvasasa sikeres, Erteke:0
INFO:__main__:3000A register olvasasa sikeres, Erteke:1.010330080986023
INFO:__main__:3002A register olvasasa sikeres, Erteke:0
INFO:__main__:3004A register olvasasa sikeres, Erteke:0
INFO:__main__:3076A register olvasasa sikeres, Erteke:0.23822279274463654
INFO:__main__:3060A register olvasasa sikeres, Erteke:0.2380884289741516
INFO:__main__:3068A register olvasasa sikeres, Erteke:-0.00800000037997961
INFO:__main__:3110A register olvasasa sikeres, Erteke:49.961151123046875
INFO:__main__:3196A register olvasasa sikeres, Erteke:1.3577855686183571e-36
INFO:__main__:3240A register olvasasa sikeres, Erteke:9
INFO:__main__:3208A register olvasasa sikeres, Erteke:9
INFO:__main__:3224A register olvasasa sikeres, Erteke:219
INFO:__main__:-------------------------------------------------
INFO:__main__:235.7780303955078 Feltoltve az adatbazisba!
INFO:__main__:0 Feltoltve az adatbazisba!
INFO:__main__:0 Feltoltve az adatbazisba!
INFO:__main__:1.010330080986023 Feltoltve az adatbazisba!
INFO:__main__:0 Feltoltve az adatbazisba!
INFO:__main__:0 Feltoltve az adatbazisba!
INFO:__main__:0.23822279274463654 Feltoltve az adatbazisba!
INFO:__main__:0.2380884289741516 Feltoltve az adatbazisba!
INFO:__main__:-0.00800000037997961 Feltoltve az adatbazisba!
INFO:__main__:49.961151123046875 Feltoltve az adatbazisba!
INFO:__main__:1.3577855686183571e-36 Feltoltve az adatbazisba!
INFO:__main__:9 Feltoltve az adatbazisba!
INFO:__main__:9 Feltoltve az adatbazisba!
INFO:__main__:219 Feltoltve az adatbazisba!
INFO:__main__:-------------------------------------------------
INFO:__main__:-------------------------------------------------
INFO:__main__:Az olvasas es feltoltes befejezodott, 1 perc varakozas!
INFO:__main__:Az olvasas megkezdodott!
INFO:__main__:-------------------------------------------------
INFO:__main__:3028A register olvasasa sikeres, Erteke:234.7370147705078
INFO:__main__:3030A register olvasasa sikeres, Erteke:0
INFO:__main__:3032A register olvasasa sikeres, Erteke:0
INFO:__main__:3000A register olvasasa sikeres, Erteke:1.0074354410171509
INFO:__main__:3002A register olvasasa sikeres, Erteke:0
INFO:__main__:3004A register olvasasa sikeres, Erteke:0
INFO:__main__:3076A register olvasasa sikeres, Erteke:0.2364823967218399
INFO:__main__:3060A register olvasasa sikeres, Erteke:0.2363467961549759
INFO:__main__:3068A register olvasasa sikeres, Erteke:-0.008006833493709564
INFO:__main__:3110A register olvasasa sikeres, Erteke:49.9774055480957
INFO:__main__:3196A register olvasasa sikeres, Erteke:1.3577855686183571e-36
INFO:__main__:3240A register olvasasa sikeres, Erteke:9
INFO:__main__:3208A register olvasasa sikeres, Erteke:9
INFO:__main__:3224A register olvasasa sikeres, Erteke:219
INFO:__main__:-------------------------------------------------
INFO:__main__:234.7370147705078 Feltoltve az adatbazisba!
INFO:__main__:0 Feltoltve az adatbazisba!
INFO:__main__:0 Feltoltve az adatbazisba!
INFO:__main__:1.0074354410171509 Feltoltve az adatbazisba!
INFO:__main__:0 Feltoltve az adatbazisba!
INFO:__main__:0 Feltoltve az adatbazisba!
INFO:__main__:0.2364823967218399 Feltoltve az adatbazisba!
INFO:__main__:0.2363467961549759 Feltoltve az adatbazisba!
INFO:__main__:-0.008006833493709564 Feltoltve az adatbazisba!
INFO:__main__:49.9774055480957 Feltoltve az adatbazisba!
INFO:__main__:1.3577855686183571e-36 Feltoltve az adatbazisba!
INFO:__main__:9 Feltoltve az adatbazisba!
INFO:__main__:9 Feltoltve az adatbazisba!
INFO:__main__:219 Feltoltve az adatbazisba!
INFO:__main__:-------------------------------------------------
INFO:__main__:-------------------------------------------------
INFO:__main__:Az olvasas es feltoltes befejezodott, 1 perc varakozas!
INFO:__main__:Az olvasas megkezdodott!
INFO:__main__:-------------------------------------------------
INFO:__main__:3028A register olvasasa sikeres, Erteke:231.57408142089844
INFO:__main__:3030A register olvasasa sikeres, Erteke:0
INFO:__main__:3032A register olvasasa sikeres, Erteke:0
INFO:__main__:3000A register olvasasa sikeres, Erteke:0.9995745420455933
INFO:__main__:3002A register olvasasa sikeres, Erteke:0
INFO:__main__:3004A register olvasasa sikeres, Erteke:0
INFO:__main__:3076A register olvasasa sikeres, Erteke:0.2314755618572235
INFO:__main__:3060A register olvasasa sikeres, Erteke:0.2313455045223236
INFO:__main__:3068A register olvasasa sikeres, Erteke:-0.00775831239297986
INFO:__main__:3110A register olvasasa sikeres, Erteke:49.945735931396484
INFO:__main__:3196A register olvasasa sikeres, Erteke:1.3577855686183571e-36
INFO:__main__:3240A register olvasasa sikeres, Erteke:9
INFO:__main__:3208A register olvasasa sikeres, Erteke:9
INFO:__main__:3224A register olvasasa sikeres, Erteke:219
INFO:__main__:-------------------------------------------------
INFO:__main__:231.57408142089844 Feltoltve az adatbazisba!
INFO:__main__:0 Feltoltve az adatbazisba!
INFO:__main__:0 Feltoltve az adatbazisba!
INFO:__main__:0.9995745420455933 Feltoltve az adatbazisba!
INFO:__main__:0 Feltoltve az adatbazisba!
INFO:__main__:0 Feltoltve az adatbazisba!
INFO:__main__:0.2314755618572235 Feltoltve az adatbazisba!
INFO:__main__:0.2313455045223236 Feltoltve az adatbazisba!
INFO:__main__:-0.00775831239297986 Feltoltve az adatbazisba!
INFO:__main__:49.945735931396484 Feltoltve az adatbazisba!
INFO:__main__:1.3577855686183571e-36 Feltoltve az adatbazisba!
INFO:__main__:9 Feltoltve az adatbazisba!
INFO:__main__:9 Feltoltve az adatbazisba!
INFO:__main__:219 Feltoltve az adatbazisba!
INFO:__main__:-------------------------------------------------
INFO:__main__:-------------------------------------------------
INFO:__main__:Az olvasas es feltoltes befejezodott, 1 perc varakozas!
INFO:__main__:Az olvasas megkezdodott!
INFO:__main__:-------------------------------------------------
INFO:__main__:3028A register olvasasa sikeres, Erteke:232.842041015625
INFO:__main__:3030A register olvasasa sikeres, Erteke:0
INFO:__main__:3032A register olvasasa sikeres, Erteke:0
INFO:__main__:3000A register olvasasa sikeres, Erteke:1.0027483701705933
INFO:__main__:3002A register olvasasa sikeres, Erteke:0
INFO:__main__:3004A register olvasasa sikeres, Erteke:0
INFO:__main__:3076A register olvasasa sikeres, Erteke:0.2334819734096527
INFO:__main__:3060A register olvasasa sikeres, Erteke:0.23334389925003052
INFO:__main__:3068A register olvasasa sikeres, Erteke:-0.008028756827116013
INFO:__main__:3110A register olvasasa sikeres, Erteke:49.96201705932617
INFO:__main__:3196A register olvasasa sikeres, Erteke:1.3577855686183571e-36
INFO:__main__:3240A register olvasasa sikeres, Erteke:9
INFO:__main__:3208A register olvasasa sikeres, Erteke:9
INFO:__main__:3224A register olvasasa sikeres, Erteke:219
INFO:__main__:-------------------------------------------------
INFO:__main__:232.842041015625 Feltoltve az adatbazisba!
INFO:__main__:0 Feltoltve az adatbazisba!
INFO:__main__:0 Feltoltve az adatbazisba!
INFO:__main__:1.0027483701705933 Feltoltve az adatbazisba!
INFO:__main__:0 Feltoltve az adatbazisba!
INFO:__main__:0 Feltoltve az adatbazisba!
INFO:__main__:0.2334819734096527 Feltoltve az adatbazisba!
INFO:__main__:0.23334389925003052 Feltoltve az adatbazisba!
INFO:__main__:-0.008028756827116013 Feltoltve az adatbazisba!
INFO:__main__:49.96201705932617 Feltoltve az adatbazisba!
INFO:__main__:1.3577855686183571e-36 Feltoltve az adatbazisba!
INFO:__main__:9 Feltoltve az adatbazisba!
INFO:__main__:9 Feltoltve az adatbazisba!
INFO:__main__:219 Feltoltve az adatbazisba!
INFO:__main__:-------------------------------------------------
INFO:__main__:-------------------------------------------------
INFO:__main__:Az olvasas es feltoltes befejezodott, 1 perc varakozas!
INFO:__main__:Az olvasas megkezdodott!
INFO:__main__:-------------------------------------------------
INFO:__main__:3028A register olvasasa sikeres, Erteke:235.02394104003906
INFO:__main__:3030A register olvasasa sikeres, Erteke:0
INFO:__main__:3032A register olvasasa sikeres, Erteke:0
INFO:__main__:3000A register olvasasa sikeres, Erteke:1.0081661939620972
INFO:__main__:3002A register olvasasa sikeres, Erteke:0
INFO:__main__:3004A register olvasasa sikeres, Erteke:0
INFO:__main__:3076A register olvasasa sikeres, Erteke:0.23694318532943726
INFO:__main__:3060A register olvasasa sikeres, Erteke:0.23680002987384796
INFO:__main__:3068A register olvasasa sikeres, Erteke:-0.008235071785748005
INFO:__main__:3110A register olvasasa sikeres, Erteke:49.96440124511719
INFO:__main__:3196A register olvasasa sikeres, Erteke:1.3577855686183571e-36
INFO:__main__:3240A register olvasasa sikeres, Erteke:9
INFO:__main__:3208A register olvasasa sikeres, Erteke:9
INFO:__main__:3224A register olvasasa sikeres, Erteke:220
INFO:__main__:-------------------------------------------------
INFO:__main__:235.02394104003906 Feltoltve az adatbazisba!
INFO:__main__:0 Feltoltve az adatbazisba!
INFO:__main__:0 Feltoltve az adatbazisba!
INFO:__main__:1.0081661939620972 Feltoltve az adatbazisba!
INFO:__main__:0 Feltoltve az adatbazisba!
INFO:__main__:0 Feltoltve az adatbazisba!
INFO:__main__:0.23694318532943726 Feltoltve az adatbazisba!
INFO:__main__:0.23680002987384796 Feltoltve az adatbazisba!
INFO:__main__:-0.008235071785748005 Feltoltve az adatbazisba!
INFO:__main__:49.96440124511719 Feltoltve az adatbazisba!
INFO:__main__:1.3577855686183571e-36 Feltoltve az adatbazisba!
INFO:__main__:9 Feltoltve az adatbazisba!
INFO:__main__:9 Feltoltve az adatbazisba!
INFO:__main__:220 Feltoltve az adatbazisba!
INFO:__main__:-------------------------------------------------
INFO:__main__:-------------------------------------------------
INFO:__main__:Az olvasas es feltoltes befejezodott, 1 perc varakozas!
INFO:__main__:Az olvasas megkezdodott!
INFO:__main__:-------------------------------------------------
INFO:__main__:3028A register olvasasa sikeres, Erteke:233.06658935546875
INFO:__main__:3030A register olvasasa sikeres, Erteke:0
INFO:__main__:3032A register olvasasa sikeres, Erteke:0
INFO:__main__:3000A register olvasasa sikeres, Erteke:1.003178358078003
INFO:__main__:3002A register olvasasa sikeres, Erteke:0
INFO:__main__:3004A register olvasasa sikeres, Erteke:0
INFO:__main__:3076A register olvasasa sikeres, Erteke:0.23373903334140778
INFO:__main__:3060A register olvasasa sikeres, Erteke:0.2336024045944214
INFO:__main__:3068A register olvasasa sikeres, Erteke:-0.007990716956555843
INFO:__main__:3110A register olvasasa sikeres, Erteke:50.00830078125
INFO:__main__:3196A register olvasasa sikeres, Erteke:1.3577855686183571e-36
INFO:__main__:3240A register olvasasa sikeres, Erteke:9
INFO:__main__:3208A register olvasasa sikeres, Erteke:9
INFO:__main__:3224A register olvasasa sikeres, Erteke:220
INFO:__main__:-------------------------------------------------
INFO:__main__:233.06658935546875 Feltoltve az adatbazisba!
INFO:__main__:0 Feltoltve az adatbazisba!
INFO:__main__:0 Feltoltve az adatbazisba!
INFO:__main__:1.003178358078003 Feltoltve az adatbazisba!
INFO:__main__:0 Feltoltve az adatbazisba!
INFO:__main__:0 Feltoltve az adatbazisba!
INFO:__main__:0.23373903334140778 Feltoltve az adatbazisba!
INFO:__main__:0.2336024045944214 Feltoltve az adatbazisba!
INFO:__main__:-0.007990716956555843 Feltoltve az adatbazisba!
INFO:__main__:50.00830078125 Feltoltve az adatbazisba!
INFO:__main__:1.3577855686183571e-36 Feltoltve az adatbazisba!
INFO:__main__:9 Feltoltve az adatbazisba!
INFO:__main__:9 Feltoltve az adatbazisba!
INFO:__main__:220 Feltoltve az adatbazisba!
INFO:__main__:-------------------------------------------------
INFO:__main__:-------------------------------------------------
INFO:__main__:Az olvasas es feltoltes befejezodott, 1 perc varakozas!
INFO:__main__:Az olvasas megkezdodott!
INFO:__main__:-------------------------------------------------
INFO:__main__:3028A register olvasasa sikeres, Erteke:235.18359375
INFO:__main__:3030A register olvasasa sikeres, Erteke:0
INFO:__main__:3032A register olvasasa sikeres, Erteke:0
INFO:__main__:3000A register olvasasa sikeres, Erteke:1.0089412927627563
INFO:__main__:3002A register olvasasa sikeres, Erteke:0
INFO:__main__:3004A register olvasasa sikeres, Erteke:0
INFO:__main__:3076A register olvasasa sikeres, Erteke:0.23728643357753754
INFO:__main__:3060A register olvasasa sikeres, Erteke:0.23714791238307953
INFO:__main__:3068A register olvasasa sikeres, Erteke:-0.008106710389256477
INFO:__main__:3110A register olvasasa sikeres, Erteke:50.01206588745117
INFO:__main__:3196A register olvasasa sikeres, Erteke:1.3577855686183571e-36
INFO:__main__:3240A register olvasasa sikeres, Erteke:9
INFO:__main__:3208A register olvasasa sikeres, Erteke:9
INFO:__main__:3224A register olvasasa sikeres, Erteke:220
INFO:__main__:-------------------------------------------------
INFO:__main__:235.18359375 Feltoltve az adatbazisba!
INFO:__main__:0 Feltoltve az adatbazisba!
INFO:__main__:0 Feltoltve az adatbazisba!
INFO:__main__:1.0089412927627563 Feltoltve az adatbazisba!
INFO:__main__:0 Feltoltve az adatbazisba!
INFO:__main__:0 Feltoltve az adatbazisba!
INFO:__main__:0.23728643357753754 Feltoltve az adatbazisba!
INFO:__main__:0.23714791238307953 Feltoltve az adatbazisba!
INFO:__main__:-0.008106710389256477 Feltoltve az adatbazisba!
INFO:__main__:50.01206588745117 Feltoltve az adatbazisba!
INFO:__main__:1.3577855686183571e-36 Feltoltve az adatbazisba!
INFO:__main__:9 Feltoltve az adatbazisba!
INFO:__main__:9 Feltoltve az adatbazisba!
INFO:__main__:220 Feltoltve az adatbazisba!
INFO:__main__:-------------------------------------------------
INFO:__main__:-------------------------------------------------
INFO:__main__:Az olvasas es feltoltes befejezodott, 1 perc varakozas!
INFO:__main__:Az olvasas megkezdodott!
INFO:__main__:-------------------------------------------------
INFO:__main__:3028A register olvasasa sikeres, Erteke:237.1155548095703
INFO:__main__:3030A register olvasasa sikeres, Erteke:0
INFO:__main__:3032A register olvasasa sikeres, Erteke:0
INFO:__main__:3000A register olvasasa sikeres, Erteke:1.0133533477783203
INFO:__main__:3002A register olvasasa sikeres, Erteke:0
INFO:__main__:3004A register olvasasa sikeres, Erteke:0
INFO:__main__:3076A register olvasasa sikeres, Erteke:0.241030752658844
INFO:__main__:3060A register olvasasa sikeres, Erteke:0.24089671671390533
INFO:__main__:3068A register olvasasa sikeres, Erteke:-0.0080370232462883
INFO:__main__:3110A register olvasasa sikeres, Erteke:50.022953033447266
INFO:__main__:3196A register olvasasa sikeres, Erteke:1.3577855686183571e-36
INFO:__main__:3240A register olvasasa sikeres, Erteke:9
INFO:__main__:3208A register olvasasa sikeres, Erteke:9
INFO:__main__:3224A register olvasasa sikeres, Erteke:220
INFO:__main__:-------------------------------------------------
INFO:__main__:237.1155548095703 Feltoltve az adatbazisba!
INFO:__main__:0 Feltoltve az adatbazisba!
INFO:__main__:0 Feltoltve az adatbazisba!
INFO:__main__:1.0133533477783203 Feltoltve az adatbazisba!
INFO:__main__:0 Feltoltve az adatbazisba!
INFO:__main__:0 Feltoltve az adatbazisba!
INFO:__main__:0.241030752658844 Feltoltve az adatbazisba!
INFO:__main__:0.24089671671390533 Feltoltve az adatbazisba!
INFO:__main__:-0.0080370232462883 Feltoltve az adatbazisba!
INFO:__main__:50.022953033447266 Feltoltve az adatbazisba!
INFO:__main__:1.3577855686183571e-36 Feltoltve az adatbazisba!
INFO:__main__:9 Feltoltve az adatbazisba!
INFO:__main__:9 Feltoltve az adatbazisba!
INFO:__main__:220 Feltoltve az adatbazisba!
INFO:__main__:-------------------------------------------------
INFO:__main__:-------------------------------------------------
INFO:__main__:Az olvasas es feltoltes befejezodott, 1 perc varakozas!
INFO:__main__:Az olvasas megkezdodott!
INFO:__main__:-------------------------------------------------
INFO:__main__:3028A register olvasasa sikeres, Erteke:236.2686767578125
INFO:__main__:3030A register olvasasa sikeres, Erteke:0
INFO:__main__:3032A register olvasasa sikeres, Erteke:0
INFO:__main__:3000A register olvasasa sikeres, Erteke:1.0115126371383667
INFO:__main__:3002A register olvasasa sikeres, Erteke:0
INFO:__main__:3004A register olvasasa sikeres, Erteke:0
INFO:__main__:3076A register olvasasa sikeres, Erteke:0.2389887571334839
INFO:__main__:3060A register olvasasa sikeres, Erteke:0.23885545134544373
INFO:__main__:3068A register olvasasa sikeres, Erteke:-0.007981179282069206
INFO:__main__:3110A register olvasasa sikeres, Erteke:50.033714294433594
INFO:__main__:3196A register olvasasa sikeres, Erteke:1.3577855686183571e-36
INFO:__main__:3240A register olvasasa sikeres, Erteke:9
INFO:__main__:3208A register olvasasa sikeres, Erteke:9
INFO:__main__:3224A register olvasasa sikeres, Erteke:220
INFO:__main__:-------------------------------------------------
INFO:__main__:236.2686767578125 Feltoltve az adatbazisba!
INFO:__main__:0 Feltoltve az adatbazisba!
INFO:__main__:0 Feltoltve az adatbazisba!
INFO:__main__:1.0115126371383667 Feltoltve az adatbazisba!
INFO:__main__:0 Feltoltve az adatbazisba!
INFO:__main__:0 Feltoltve az adatbazisba!
INFO:__main__:0.2389887571334839 Feltoltve az adatbazisba!
INFO:__main__:0.23885545134544373 Feltoltve az adatbazisba!
INFO:__main__:-0.007981179282069206 Feltoltve az adatbazisba!
INFO:__main__:50.033714294433594 Feltoltve az adatbazisba!
INFO:__main__:1.3577855686183571e-36 Feltoltve az adatbazisba!
INFO:__main__:9 Feltoltve az adatbazisba!
INFO:__main__:9 Feltoltve az adatbazisba!
INFO:__main__:220 Feltoltve az adatbazisba!
INFO:__main__:-------------------------------------------------
INFO:__main__:-------------------------------------------------
INFO:__main__:Az olvasas es feltoltes befejezodott, 1 perc varakozas!
INFO:__main__:Az olvasas megkezdodott!
INFO:__main__:-------------------------------------------------
INFO:__main__:3028A register olvasasa sikeres, Erteke:236.58447265625
INFO:__main__:3030A register olvasasa sikeres, Erteke:0
INFO:__main__:3032A register olvasasa sikeres, Erteke:0
INFO:__main__:3000A register olvasasa sikeres, Erteke:1.0119787454605103
INFO:__main__:3002A register olvasasa sikeres, Erteke:0
INFO:__main__:3004A register olvasasa sikeres, Erteke:0
INFO:__main__:3076A register olvasasa sikeres, Erteke:0.23941846191883087
INFO:__main__:3060A register olvasasa sikeres, Erteke:0.23927940428256989
INFO:__main__:3068A register olvasasa sikeres, Erteke:-0.008158824406564236
INFO:__main__:3110A register olvasasa sikeres, Erteke:50.02748489379883
INFO:__main__:3196A register olvasasa sikeres, Erteke:1.3577855686183571e-36
INFO:__main__:3240A register olvasasa sikeres, Erteke:9
INFO:__main__:3208A register olvasasa sikeres, Erteke:9
INFO:__main__:3224A register olvasasa sikeres, Erteke:220
INFO:__main__:-------------------------------------------------
INFO:__main__:236.58447265625 Feltoltve az adatbazisba!
INFO:__main__:0 Feltoltve az adatbazisba!
INFO:__main__:0 Feltoltve az adatbazisba!
INFO:__main__:1.0119787454605103 Feltoltve az adatbazisba!
INFO:__main__:0 Feltoltve az adatbazisba!
INFO:__main__:0 Feltoltve az adatbazisba!
INFO:__main__:0.23941846191883087 Feltoltve az adatbazisba!
INFO:__main__:0.23927940428256989 Feltoltve az adatbazisba!
INFO:__main__:-0.008158824406564236 Feltoltve az adatbazisba!
INFO:__main__:50.02748489379883 Feltoltve az adatbazisba!
INFO:__main__:1.3577855686183571e-36 Feltoltve az adatbazisba!
INFO:__main__:9 Feltoltve az adatbazisba!
INFO:__main__:9 Feltoltve az adatbazisba!
INFO:__main__:220 Feltoltve az adatbazisba!
INFO:__main__:-------------------------------------------------
INFO:__main__:-------------------------------------------------
INFO:__main__:Az olvasas es feltoltes befejezodott, 1 perc varakozas!
INFO:__main__:Az olvasas megkezdodott!
INFO:__main__:-------------------------------------------------
INFO:__main__:3028A register olvasasa sikeres, Erteke:236.94021606445312
INFO:__main__:3030A register olvasasa sikeres, Erteke:0
INFO:__main__:3032A register olvasasa sikeres, Erteke:0
INFO:__main__:3000A register olvasasa sikeres, Erteke:1.013134479522705
INFO:__main__:3002A register olvasasa sikeres, Erteke:0
INFO:__main__:3004A register olvasasa sikeres, Erteke:0
INFO:__main__:3076A register olvasasa sikeres, Erteke:0.24005231261253357
INFO:__main__:3060A register olvasasa sikeres, Erteke:0.23991753160953522
INFO:__main__:3068A register olvasasa sikeres, Erteke:-0.008043096400797367
INFO:__main__:3110A register olvasasa sikeres, Erteke:50.02540969848633
INFO:__main__:3196A register olvasasa sikeres, Erteke:1.3577855686183571e-36
INFO:__main__:3240A register olvasasa sikeres, Erteke:9
INFO:__main__:3208A register olvasasa sikeres, Erteke:9
INFO:__main__:3224A register olvasasa sikeres, Erteke:220
INFO:__main__:-------------------------------------------------
INFO:__main__:236.94021606445312 Feltoltve az adatbazisba!
INFO:__main__:0 Feltoltve az adatbazisba!
INFO:__main__:0 Feltoltve az adatbazisba!
INFO:__main__:1.013134479522705 Feltoltve az adatbazisba!
INFO:__main__:0 Feltoltve az adatbazisba!
INFO:__main__:0 Feltoltve az adatbazisba!
INFO:__main__:0.24005231261253357 Feltoltve az adatbazisba!
INFO:__main__:0.23991753160953522 Feltoltve az adatbazisba!
INFO:__main__:-0.008043096400797367 Feltoltve az adatbazisba!
INFO:__main__:50.02540969848633 Feltoltve az adatbazisba!
INFO:__main__:1.3577855686183571e-36 Feltoltve az adatbazisba!
INFO:__main__:9 Feltoltve az adatbazisba!
INFO:__main__:9 Feltoltve az adatbazisba!
INFO:__main__:220 Feltoltve az adatbazisba!
INFO:__main__:-------------------------------------------------
INFO:__main__:-------------------------------------------------
INFO:__main__:Az olvasas es feltoltes befejezodott, 1 perc varakozas!
INFO:__main__:Az olvasas megkezdodott!
INFO:__main__:-------------------------------------------------
INFO:__main__:3028A register olvasasa sikeres, Erteke:238.4844512939453
INFO:__main__:3030A register olvasasa sikeres, Erteke:0
INFO:__main__:3032A register olvasasa sikeres, Erteke:0
INFO:__main__:3000A register olvasasa sikeres, Erteke:1.0168911218643188
INFO:__main__:3002A register olvasasa sikeres, Erteke:0
INFO:__main__:3004A register olvasasa sikeres, Erteke:0
INFO:__main__:3076A register olvasasa sikeres, Erteke:0.24251273274421692
INFO:__main__:3060A register olvasasa sikeres, Erteke:0.24237899482250214
INFO:__main__:3068A register olvasasa sikeres, Erteke:-0.008052561432123184
INFO:__main__:3110A register olvasasa sikeres, Erteke:50.029563903808594
INFO:__main__:3196A register olvasasa sikeres, Erteke:1.3577855686183571e-36
INFO:__main__:3240A register olvasasa sikeres, Erteke:9
INFO:__main__:3208A register olvasasa sikeres, Erteke:9
INFO:__main__:3224A register olvasasa sikeres, Erteke:221
INFO:__main__:-------------------------------------------------
INFO:__main__:238.4844512939453 Feltoltve az adatbazisba!
INFO:__main__:0 Feltoltve az adatbazisba!
INFO:__main__:0 Feltoltve az adatbazisba!
INFO:__main__:1.0168911218643188 Feltoltve az adatbazisba!
INFO:__main__:0 Feltoltve az adatbazisba!
INFO:__main__:0 Feltoltve az adatbazisba!
INFO:__main__:0.24251273274421692 Feltoltve az adatbazisba!
INFO:__main__:0.24237899482250214 Feltoltve az adatbazisba!
INFO:__main__:-0.008052561432123184 Feltoltve az adatbazisba!
INFO:__main__:50.029563903808594 Feltoltve az adatbazisba!
INFO:__main__:1.3577855686183571e-36 Feltoltve az adatbazisba!
INFO:__main__:9 Feltoltve az adatbazisba!
INFO:__main__:9 Feltoltve az adatbazisba!
INFO:__main__:221 Feltoltve az adatbazisba!
INFO:__main__:-------------------------------------------------
INFO:__main__:-------------------------------------------------
INFO:__main__:Az olvasas es feltoltes befejezodott, 1 perc varakozas!
INFO:__main__:Az olvasas megkezdodott!
INFO:__main__:-------------------------------------------------
INFO:__main__:3028A register olvasasa sikeres, Erteke:238.25048828125
INFO:__main__:3030A register olvasasa sikeres, Erteke:0
INFO:__main__:3032A register olvasasa sikeres, Erteke:0
INFO:__main__:3000A register olvasasa sikeres, Erteke:1.0168118476867676
INFO:__main__:3002A register olvasasa sikeres, Erteke:0
INFO:__main__:3004A register olvasasa sikeres, Erteke:0
INFO:__main__:3076A register olvasasa sikeres, Erteke:0.24225592613220215
INFO:__main__:3060A register olvasasa sikeres, Erteke:0.24211831390857697
INFO:__main__:3068A register olvasasa sikeres, Erteke:-0.008164088241755962
INFO:__main__:3110A register olvasasa sikeres, Erteke:50.013423919677734
INFO:__main__:3196A register olvasasa sikeres, Erteke:1.3577855686183571e-36
INFO:__main__:3240A register olvasasa sikeres, Erteke:9
INFO:__main__:3208A register olvasasa sikeres, Erteke:9
INFO:__main__:3224A register olvasasa sikeres, Erteke:221
INFO:__main__:-------------------------------------------------
INFO:__main__:238.25048828125 Feltoltve az adatbazisba!
INFO:__main__:0 Feltoltve az adatbazisba!
INFO:__main__:0 Feltoltve az adatbazisba!
INFO:__main__:1.0168118476867676 Feltoltve az adatbazisba!
INFO:__main__:0 Feltoltve az adatbazisba!
INFO:__main__:0 Feltoltve az adatbazisba!
INFO:__main__:0.24225592613220215 Feltoltve az adatbazisba!
INFO:__main__:0.24211831390857697 Feltoltve az adatbazisba!
INFO:__main__:-0.008164088241755962 Feltoltve az adatbazisba!
INFO:__main__:50.013423919677734 Feltoltve az adatbazisba!
INFO:__main__:1.3577855686183571e-36 Feltoltve az adatbazisba!
INFO:__main__:9 Feltoltve az adatbazisba!
INFO:__main__:9 Feltoltve az adatbazisba!
INFO:__main__:221 Feltoltve az adatbazisba!
INFO:__main__:-------------------------------------------------
INFO:__main__:-------------------------------------------------
INFO:__main__:Az olvasas es feltoltes befejezodott, 1 perc varakozas!
INFO:__main__:Az olvasas megkezdodott!
INFO:__main__:-------------------------------------------------
INFO:__main__:3028A register olvasasa sikeres, Erteke:237.69903564453125
INFO:__main__:3030A register olvasasa sikeres, Erteke:0
INFO:__main__:3032A register olvasasa sikeres, Erteke:0
INFO:__main__:3000A register olvasasa sikeres, Erteke:1.0147262811660767
INFO:__main__:3002A register olvasasa sikeres, Erteke:0
INFO:__main__:3004A register olvasasa sikeres, Erteke:0
INFO:__main__:3076A register olvasasa sikeres, Erteke:0.24115242063999176
INFO:__main__:3060A register olvasasa sikeres, Erteke:0.2410125732421875
INFO:__main__:3068A register olvasasa sikeres, Erteke:-0.008211558684706688
INFO:__main__:3110A register olvasasa sikeres, Erteke:50.009342193603516
INFO:__main__:3196A register olvasasa sikeres, Erteke:1.3577855686183571e-36
INFO:__main__:3240A register olvasasa sikeres, Erteke:9
INFO:__main__:3208A register olvasasa sikeres, Erteke:9
INFO:__main__:3224A register olvasasa sikeres, Erteke:221
INFO:__main__:-------------------------------------------------
INFO:__main__:237.69903564453125 Feltoltve az adatbazisba!
INFO:__main__:0 Feltoltve az adatbazisba!
INFO:__main__:0 Feltoltve az adatbazisba!
INFO:__main__:1.0147262811660767 Feltoltve az adatbazisba!
INFO:__main__:0 Feltoltve az adatbazisba!
INFO:__main__:0 Feltoltve az adatbazisba!
INFO:__main__:0.24115242063999176 Feltoltve az adatbazisba!
INFO:__main__:0.2410125732421875 Feltoltve az adatbazisba!
INFO:__main__:-0.008211558684706688 Feltoltve az adatbazisba!
INFO:__main__:50.009342193603516 Feltoltve az adatbazisba!
INFO:__main__:1.3577855686183571e-36 Feltoltve az adatbazisba!
INFO:__main__:9 Feltoltve az adatbazisba!
INFO:__main__:9 Feltoltve az adatbazisba!
INFO:__main__:221 Feltoltve az adatbazisba!
INFO:__main__:-------------------------------------------------
INFO:__main__:-------------------------------------------------
INFO:__main__:Az olvasas es feltoltes befejezodott, 1 perc varakozas!
INFO:__main__:Az olvasas megkezdodott!
INFO:__main__:-------------------------------------------------
INFO:__main__:3028A register olvasasa sikeres, Erteke:239.08460998535156
INFO:__main__:3030A register olvasasa sikeres, Erteke:0
INFO:__main__:3032A register olvasasa sikeres, Erteke:0
INFO:__main__:3000A register olvasasa sikeres, Erteke:1.0184870958328247
INFO:__main__:3002A register olvasasa sikeres, Erteke:0
INFO:__main__:3004A register olvasasa sikeres, Erteke:0
INFO:__main__:3076A register olvasasa sikeres, Erteke:0.243504598736763
INFO:__main__:3060A register olvasasa sikeres, Erteke:0.24336065351963043
INFO:__main__:3068A register olvasasa sikeres, Erteke:-0.008371268399059772
INFO:__main__:3110A register olvasasa sikeres, Erteke:50.00947189331055
INFO:__main__:3196A register olvasasa sikeres, Erteke:1.3577855686183571e-36
INFO:__main__:3240A register olvasasa sikeres, Erteke:9
INFO:__main__:3208A register olvasasa sikeres, Erteke:9
INFO:__main__:3224A register olvasasa sikeres, Erteke:221
INFO:__main__:-------------------------------------------------
INFO:__main__:239.08460998535156 Feltoltve az adatbazisba!
INFO:__main__:0 Feltoltve az adatbazisba!
INFO:__main__:0 Feltoltve az adatbazisba!
INFO:__main__:1.0184870958328247 Feltoltve az adatbazisba!
INFO:__main__:0 Feltoltve az adatbazisba!
INFO:__main__:0 Feltoltve az adatbazisba!
INFO:__main__:0.243504598736763 Feltoltve az adatbazisba!
INFO:__main__:0.24336065351963043 Feltoltve az adatbazisba!
INFO:__main__:-0.008371268399059772 Feltoltve az adatbazisba!
INFO:__main__:50.00947189331055 Feltoltve az adatbazisba!
INFO:__main__:1.3577855686183571e-36 Feltoltve az adatbazisba!
INFO:__main__:9 Feltoltve az adatbazisba!
INFO:__main__:9 Feltoltve az adatbazisba!
INFO:__main__:221 Feltoltve az adatbazisba!
INFO:__main__:-------------------------------------------------
INFO:__main__:-------------------------------------------------
INFO:__main__:Az olvasas es feltoltes befejezodott, 1 perc varakozas!
INFO:__main__:Az olvasas megkezdodott!
INFO:__main__:-------------------------------------------------
INFO:__main__:3028A register olvasasa sikeres, Erteke:238.41632080078125
INFO:__main__:3030A register olvasasa sikeres, Erteke:0
INFO:__main__:3032A register olvasasa sikeres, Erteke:0
INFO:__main__:3000A register olvasasa sikeres, Erteke:1.0169258117675781
INFO:__main__:3002A register olvasasa sikeres, Erteke:0
INFO:__main__:3004A register olvasasa sikeres, Erteke:0
INFO:__main__:3076A register olvasasa sikeres, Erteke:0.2424517124891281
INFO:__main__:3060A register olvasasa sikeres, Erteke:0.2423163503408432
INFO:__main__:3068A register olvasasa sikeres, Erteke:-0.00810044351965189
INFO:__main__:3110A register olvasasa sikeres, Erteke:49.980934143066406
INFO:__main__:3196A register olvasasa sikeres, Erteke:1.3577855686183571e-36
INFO:__main__:3240A register olvasasa sikeres, Erteke:9
INFO:__main__:3208A register olvasasa sikeres, Erteke:9
INFO:__main__:3224A register olvasasa sikeres, Erteke:221
INFO:__main__:-------------------------------------------------
INFO:__main__:238.41632080078125 Feltoltve az adatbazisba!
INFO:__main__:0 Feltoltve az adatbazisba!
INFO:__main__:0 Feltoltve az adatbazisba!
INFO:__main__:1.0169258117675781 Feltoltve az adatbazisba!
INFO:__main__:0 Feltoltve az adatbazisba!
INFO:__main__:0 Feltoltve az adatbazisba!
INFO:__main__:0.2424517124891281 Feltoltve az adatbazisba!
INFO:__main__:0.2423163503408432 Feltoltve az adatbazisba!
INFO:__main__:-0.00810044351965189 Feltoltve az adatbazisba!
INFO:__main__:49.980934143066406 Feltoltve az adatbazisba!
INFO:__main__:1.3577855686183571e-36 Feltoltve az adatbazisba!
INFO:__main__:9 Feltoltve az adatbazisba!
INFO:__main__:9 Feltoltve az adatbazisba!
INFO:__main__:221 Feltoltve az adatbazisba!
INFO:__main__:-------------------------------------------------
INFO:__main__:-------------------------------------------------
INFO:__main__:Az olvasas es feltoltes befejezodott, 1 perc varakozas!
INFO:__main__:Az olvasas megkezdodott!
INFO:__main__:-------------------------------------------------
INFO:__main__:3028A register olvasasa sikeres, Erteke:238.49984741210938
INFO:__main__:3030A register olvasasa sikeres, Erteke:0
INFO:__main__:3032A register olvasasa sikeres, Erteke:0
INFO:__main__:3000A register olvasasa sikeres, Erteke:1.0171985626220703
INFO:__main__:3002A register olvasasa sikeres, Erteke:0
INFO:__main__:3004A register olvasasa sikeres, Erteke:0
INFO:__main__:3076A register olvasasa sikeres, Erteke:0.2426016926765442
INFO:__main__:3060A register olvasasa sikeres, Erteke:0.24245598912239075
INFO:__main__:3068A register olvasasa sikeres, Erteke:-0.00840688869357109
INFO:__main__:3110A register olvasasa sikeres, Erteke:49.97954177856445
INFO:__main__:3196A register olvasasa sikeres, Erteke:1.3577855686183571e-36
INFO:__main__:3240A register olvasasa sikeres, Erteke:9
INFO:__main__:3208A register olvasasa sikeres, Erteke:9
INFO:__main__:3224A register olvasasa sikeres, Erteke:221
INFO:__main__:-------------------------------------------------
INFO:__main__:238.49984741210938 Feltoltve az adatbazisba!
INFO:__main__:0 Feltoltve az adatbazisba!
INFO:__main__:0 Feltoltve az adatbazisba!
INFO:__main__:1.0171985626220703 Feltoltve az adatbazisba!
INFO:__main__:0 Feltoltve az adatbazisba!
INFO:__main__:0 Feltoltve az adatbazisba!
INFO:__main__:0.2426016926765442 Feltoltve az adatbazisba!
INFO:__main__:0.24245598912239075 Feltoltve az adatbazisba!
INFO:__main__:-0.00840688869357109 Feltoltve az adatbazisba!
INFO:__main__:49.97954177856445 Feltoltve az adatbazisba!
INFO:__main__:1.3577855686183571e-36 Feltoltve az adatbazisba!
INFO:__main__:9 Feltoltve az adatbazisba!
INFO:__main__:9 Feltoltve az adatbazisba!
INFO:__main__:221 Feltoltve az adatbazisba!
INFO:__main__:-------------------------------------------------
INFO:__main__:-------------------------------------------------
INFO:__main__:Az olvasas es feltoltes befejezodott, 1 perc varakozas!
INFO:__main__:Az olvasas megkezdodott!
INFO:__main__:-------------------------------------------------
INFO:__main__:3028A register olvasasa sikeres, Erteke:237.62197875976562
INFO:__main__:3030A register olvasasa sikeres, Erteke:0
INFO:__main__:3032A register olvasasa sikeres, Erteke:0
INFO:__main__:3000A register olvasasa sikeres, Erteke:1.0147535800933838
INFO:__main__:3002A register olvasasa sikeres, Erteke:0
INFO:__main__:3004A register olvasasa sikeres, Erteke:0
INFO:__main__:3076A register olvasasa sikeres, Erteke:0.24112774431705475
INFO:__main__:3060A register olvasasa sikeres, Erteke:0.24099624156951904
INFO:__main__:3068A register olvasasa sikeres, Erteke:-0.00796231348067522
INFO:__main__:3110A register olvasasa sikeres, Erteke:49.96102523803711
INFO:__main__:3196A register olvasasa sikeres, Erteke:1.3577855686183571e-36
INFO:__main__:3240A register olvasasa sikeres, Erteke:9
INFO:__main__:3208A register olvasasa sikeres, Erteke:9
INFO:__main__:3224A register olvasasa sikeres, Erteke:221
INFO:__main__:-------------------------------------------------
INFO:__main__:237.62197875976562 Feltoltve az adatbazisba!
INFO:__main__:0 Feltoltve az adatbazisba!
INFO:__main__:0 Feltoltve az adatbazisba!
INFO:__main__:1.0147535800933838 Feltoltve az adatbazisba!
INFO:__main__:0 Feltoltve az adatbazisba!
INFO:__main__:0 Feltoltve az adatbazisba!
INFO:__main__:0.24112774431705475 Feltoltve az adatbazisba!
INFO:__main__:0.24099624156951904 Feltoltve az adatbazisba!
INFO:__main__:-0.00796231348067522 Feltoltve az adatbazisba!
INFO:__main__:49.96102523803711 Feltoltve az adatbazisba!
INFO:__main__:1.3577855686183571e-36 Feltoltve az adatbazisba!
INFO:__main__:9 Feltoltve az adatbazisba!
INFO:__main__:9 Feltoltve az adatbazisba!
INFO:__main__:221 Feltoltve az adatbazisba!
INFO:__main__:-------------------------------------------------
INFO:__main__:-------------------------------------------------
INFO:__main__:Az olvasas es feltoltes befejezodott, 1 perc varakozas!
INFO:__main__:Az olvasas megkezdodott!
INFO:__main__:-------------------------------------------------
INFO:__main__:3028A register olvasasa sikeres, Erteke:238.28318786621094
INFO:__main__:3030A register olvasasa sikeres, Erteke:0
INFO:__main__:3032A register olvasasa sikeres, Erteke:0
INFO:__main__:3000A register olvasasa sikeres, Erteke:1.0161542892456055
INFO:__main__:3002A register olvasasa sikeres, Erteke:0
INFO:__main__:3004A register olvasasa sikeres, Erteke:0
INFO:__main__:3076A register olvasasa sikeres, Erteke:0.24213247001171112
INFO:__main__:3060A register olvasasa sikeres, Erteke:0.241996169090271
INFO:__main__:3068A register olvasasa sikeres, Erteke:-0.008123557083308697
INFO:__main__:3110A register olvasasa sikeres, Erteke:49.973175048828125
INFO:__main__:3196A register olvasasa sikeres, Erteke:1.3577855686183571e-36
INFO:__main__:3240A register olvasasa sikeres, Erteke:9
INFO:__main__:3208A register olvasasa sikeres, Erteke:9
INFO:__main__:3224A register olvasasa sikeres, Erteke:221
INFO:__main__:-------------------------------------------------
INFO:__main__:238.28318786621094 Feltoltve az adatbazisba!
INFO:__main__:0 Feltoltve az adatbazisba!
INFO:__main__:0 Feltoltve az adatbazisba!
INFO:__main__:1.0161542892456055 Feltoltve az adatbazisba!
INFO:__main__:0 Feltoltve az adatbazisba!
INFO:__main__:0 Feltoltve az adatbazisba!
INFO:__main__:0.24213247001171112 Feltoltve az adatbazisba!
INFO:__main__:0.241996169090271 Feltoltve az adatbazisba!
INFO:__main__:-0.008123557083308697 Feltoltve az adatbazisba!
INFO:__main__:49.973175048828125 Feltoltve az adatbazisba!
INFO:__main__:1.3577855686183571e-36 Feltoltve az adatbazisba!
INFO:__main__:9 Feltoltve az adatbazisba!
INFO:__main__:9 Feltoltve az adatbazisba!
INFO:__main__:221 Feltoltve az adatbazisba!
INFO:__main__:-------------------------------------------------
INFO:__main__:-------------------------------------------------
INFO:__main__:Az olvasas es feltoltes befejezodott, 1 perc varakozas!
INFO:__main__:Az olvasas megkezdodott!
INFO:__main__:-------------------------------------------------
INFO:__main__:3028A register olvasasa sikeres, Erteke:237.4313201904297
INFO:__main__:3030A register olvasasa sikeres, Erteke:0
INFO:__main__:3032A register olvasasa sikeres, Erteke:0
INFO:__main__:3000A register olvasasa sikeres, Erteke:1.0143508911132812
INFO:__main__:3002A register olvasasa sikeres, Erteke:0
INFO:__main__:3004A register olvasasa sikeres, Erteke:0
INFO:__main__:3076A register olvasasa sikeres, Erteke:0.2408386617898941
INFO:__main__:3060A register olvasasa sikeres, Erteke:0.2407056987285614
INFO:__main__:3068A register olvasasa sikeres, Erteke:-0.008001953363418579
INFO:__main__:3110A register olvasasa sikeres, Erteke:49.97731018066406
INFO:__main__:3196A register olvasasa sikeres, Erteke:1.3577855686183571e-36
INFO:__main__:3240A register olvasasa sikeres, Erteke:9
INFO:__main__:3208A register olvasasa sikeres, Erteke:9
INFO:__main__:3224A register olvasasa sikeres, Erteke:222
INFO:__main__:-------------------------------------------------
INFO:__main__:237.4313201904297 Feltoltve az adatbazisba!
INFO:__main__:0 Feltoltve az adatbazisba!
INFO:__main__:0 Feltoltve az adatbazisba!
INFO:__main__:1.0143508911132812 Feltoltve az adatbazisba!
INFO:__main__:0 Feltoltve az adatbazisba!
INFO:__main__:0 Feltoltve az adatbazisba!
INFO:__main__:0.2408386617898941 Feltoltve az adatbazisba!
INFO:__main__:0.2407056987285614 Feltoltve az adatbazisba!
INFO:__main__:-0.008001953363418579 Feltoltve az adatbazisba!
INFO:__main__:49.97731018066406 Feltoltve az adatbazisba!
INFO:__main__:1.3577855686183571e-36 Feltoltve az adatbazisba!
INFO:__main__:9 Feltoltve az adatbazisba!
INFO:__main__:9 Feltoltve az adatbazisba!
INFO:__main__:222 Feltoltve az adatbazisba!
INFO:__main__:-------------------------------------------------
INFO:__main__:-------------------------------------------------
INFO:__main__:Az olvasas es feltoltes befejezodott, 1 perc varakozas!
INFO:__main__:Az olvasas megkezdodott!
INFO:__main__:-------------------------------------------------
INFO:__main__:3028A register olvasasa sikeres, Erteke:237.5967254638672
INFO:__main__:3030A register olvasasa sikeres, Erteke:0
INFO:__main__:3032A register olvasasa sikeres, Erteke:0
INFO:__main__:3000A register olvasasa sikeres, Erteke:1.0149449110031128
INFO:__main__:3002A register olvasasa sikeres, Erteke:0
INFO:__main__:3004A register olvasasa sikeres, Erteke:0
INFO:__main__:3076A register olvasasa sikeres, Erteke:0.24114757776260376
INFO:__main__:3060A register olvasasa sikeres, Erteke:0.24101118743419647
INFO:__main__:3068A register olvasasa sikeres, Erteke:-0.008109601214528084
INFO:__main__:3110A register olvasasa sikeres, Erteke:49.970394134521484
INFO:__main__:3196A register olvasasa sikeres, Erteke:1.3577855686183571e-36
INFO:__main__:3240A register olvasasa sikeres, Erteke:9
INFO:__main__:3208A register olvasasa sikeres, Erteke:9
INFO:__main__:3224A register olvasasa sikeres, Erteke:222
INFO:__main__:-------------------------------------------------
INFO:__main__:237.5967254638672 Feltoltve az adatbazisba!
INFO:__main__:0 Feltoltve az adatbazisba!
INFO:__main__:0 Feltoltve az adatbazisba!
INFO:__main__:1.0149449110031128 Feltoltve az adatbazisba!
INFO:__main__:0 Feltoltve az adatbazisba!
INFO:__main__:0 Feltoltve az adatbazisba!
INFO:__main__:0.24114757776260376 Feltoltve az adatbazisba!
INFO:__main__:0.24101118743419647 Feltoltve az adatbazisba!
INFO:__main__:-0.008109601214528084 Feltoltve az adatbazisba!
INFO:__main__:49.970394134521484 Feltoltve az adatbazisba!
INFO:__main__:1.3577855686183571e-36 Feltoltve az adatbazisba!
INFO:__main__:9 Feltoltve az adatbazisba!
INFO:__main__:9 Feltoltve az adatbazisba!
INFO:__main__:222 Feltoltve az adatbazisba!
INFO:__main__:-------------------------------------------------
INFO:__main__:-------------------------------------------------
INFO:__main__:Az olvasas es feltoltes befejezodott, 1 perc varakozas!
INFO:__main__:Az olvasas megkezdodott!
INFO:__main__:-------------------------------------------------
INFO:__main__:3028A register olvasasa sikeres, Erteke:238.129150390625
INFO:__main__:3030A register olvasasa sikeres, Erteke:0
INFO:__main__:3032A register olvasasa sikeres, Erteke:0
INFO:__main__:3000A register olvasasa sikeres, Erteke:1.015856385231018
INFO:__main__:3002A register olvasasa sikeres, Erteke:0
INFO:__main__:3004A register olvasasa sikeres, Erteke:0
INFO:__main__:3076A register olvasasa sikeres, Erteke:0.24190501868724823
INFO:__main__:3060A register olvasasa sikeres, Erteke:0.24176816642284393
INFO:__main__:3068A register olvasasa sikeres, Erteke:-0.008135569281876087
INFO:__main__:3110A register olvasasa sikeres, Erteke:49.98739242553711
INFO:__main__:3196A register olvasasa sikeres, Erteke:1.3577855686183571e-36
INFO:__main__:3240A register olvasasa sikeres, Erteke:9
INFO:__main__:3208A register olvasasa sikeres, Erteke:9
INFO:__main__:3224A register olvasasa sikeres, Erteke:222
INFO:__main__:-------------------------------------------------
INFO:__main__:238.129150390625 Feltoltve az adatbazisba!
INFO:__main__:0 Feltoltve az adatbazisba!
INFO:__main__:0 Feltoltve az adatbazisba!
INFO:__main__:1.015856385231018 Feltoltve az adatbazisba!
INFO:__main__:0 Feltoltve az adatbazisba!
INFO:__main__:0 Feltoltve az adatbazisba!
INFO:__main__:0.24190501868724823 Feltoltve az adatbazisba!
INFO:__main__:0.24176816642284393 Feltoltve az adatbazisba!
INFO:__main__:-0.008135569281876087 Feltoltve az adatbazisba!
INFO:__main__:49.98739242553711 Feltoltve az adatbazisba!
INFO:__main__:1.3577855686183571e-36 Feltoltve az adatbazisba!
INFO:__main__:9 Feltoltve az adatbazisba!
INFO:__main__:9 Feltoltve az adatbazisba!
INFO:__main__:222 Feltoltve az adatbazisba!
INFO:__main__:-------------------------------------------------
INFO:__main__:-------------------------------------------------
INFO:__main__:Az olvasas es feltoltes befejezodott, 1 perc varakozas!
INFO:__main__:Az olvasas megkezdodott!
INFO:__main__:-------------------------------------------------
INFO:__main__:3028A register olvasasa sikeres, Erteke:238.20233154296875
INFO:__main__:3030A register olvasasa sikeres, Erteke:0
INFO:__main__:3032A register olvasasa sikeres, Erteke:0
INFO:__main__:3000A register olvasasa sikeres, Erteke:1.01659095287323
INFO:__main__:3002A register olvasasa sikeres, Erteke:0
INFO:__main__:3004A register olvasasa sikeres, Erteke:0
INFO:__main__:3076A register olvasasa sikeres, Erteke:0.2421543449163437
INFO:__main__:3060A register olvasasa sikeres, Erteke:0.2420182228088379
INFO:__main__:3068A register olvasasa sikeres, Erteke:-0.008118507452309132
INFO:__main__:3110A register olvasasa sikeres, Erteke:50.00730514526367
INFO:__main__:3196A register olvasasa sikeres, Erteke:1.3577855686183571e-36
INFO:__main__:3240A register olvasasa sikeres, Erteke:9
INFO:__main__:3208A register olvasasa sikeres, Erteke:9
INFO:__main__:3224A register olvasasa sikeres, Erteke:222
INFO:__main__:-------------------------------------------------
INFO:__main__:238.20233154296875 Feltoltve az adatbazisba!
INFO:__main__:0 Feltoltve az adatbazisba!
INFO:__main__:0 Feltoltve az adatbazisba!
INFO:__main__:1.01659095287323 Feltoltve az adatbazisba!
INFO:__main__:0 Feltoltve az adatbazisba!
INFO:__main__:0 Feltoltve az adatbazisba!
INFO:__main__:0.2421543449163437 Feltoltve az adatbazisba!
INFO:__main__:0.2420182228088379 Feltoltve az adatbazisba!
INFO:__main__:-0.008118507452309132 Feltoltve az adatbazisba!
INFO:__main__:50.00730514526367 Feltoltve az adatbazisba!
INFO:__main__:1.3577855686183571e-36 Feltoltve az adatbazisba!
INFO:__main__:9 Feltoltve az adatbazisba!
INFO:__main__:9 Feltoltve az adatbazisba!
INFO:__main__:222 Feltoltve az adatbazisba!
INFO:__main__:-------------------------------------------------
INFO:__main__:-------------------------------------------------
INFO:__main__:Az olvasas es feltoltes befejezodott, 1 perc varakozas!
INFO:__main__:Az olvasas megkezdodott!
INFO:__main__:-------------------------------------------------
INFO:__main__:3028A register olvasasa sikeres, Erteke:237.24581909179688
INFO:__main__:3030A register olvasasa sikeres, Erteke:0
INFO:__main__:3032A register olvasasa sikeres, Erteke:0
INFO:__main__:3000A register olvasasa sikeres, Erteke:1.0144280195236206
INFO:__main__:3002A register olvasasa sikeres, Erteke:0
INFO:__main__:3004A register olvasasa sikeres, Erteke:0
INFO:__main__:3076A register olvasasa sikeres, Erteke:0.24066880345344543
INFO:__main__:3060A register olvasasa sikeres, Erteke:0.24053412675857544
INFO:__main__:3068A register olvasasa sikeres, Erteke:-0.008050378412008286
INFO:__main__:3110A register olvasasa sikeres, Erteke:49.99757385253906
INFO:__main__:3196A register olvasasa sikeres, Erteke:1.3577855686183571e-36
INFO:__main__:3240A register olvasasa sikeres, Erteke:9
INFO:__main__:3208A register olvasasa sikeres, Erteke:9
INFO:__main__:3224A register olvasasa sikeres, Erteke:222
INFO:__main__:-------------------------------------------------
INFO:__main__:237.24581909179688 Feltoltve az adatbazisba!
INFO:__main__:0 Feltoltve az adatbazisba!
INFO:__main__:0 Feltoltve az adatbazisba!
INFO:__main__:1.0144280195236206 Feltoltve az adatbazisba!
INFO:__main__:0 Feltoltve az adatbazisba!
INFO:__main__:0 Feltoltve az adatbazisba!
INFO:__main__:0.24066880345344543 Feltoltve az adatbazisba!
INFO:__main__:0.24053412675857544 Feltoltve az adatbazisba!
INFO:__main__:-0.008050378412008286 Feltoltve az adatbazisba!
INFO:__main__:49.99757385253906 Feltoltve az adatbazisba!
INFO:__main__:1.3577855686183571e-36 Feltoltve az adatbazisba!
INFO:__main__:9 Feltoltve az adatbazisba!
INFO:__main__:9 Feltoltve az adatbazisba!
INFO:__main__:222 Feltoltve az adatbazisba!
INFO:__main__:-------------------------------------------------
INFO:__main__:-------------------------------------------------
INFO:__main__:Az olvasas es feltoltes befejezodott, 1 perc varakozas!
INFO:__main__:Az olvasas megkezdodott!
INFO:__main__:-------------------------------------------------
INFO:__main__:3028A register olvasasa sikeres, Erteke:238.02090454101562
INFO:__main__:3030A register olvasasa sikeres, Erteke:0
INFO:__main__:3032A register olvasasa sikeres, Erteke:0
INFO:__main__:3000A register olvasasa sikeres, Erteke:1.0160425901412964
INFO:__main__:3002A register olvasasa sikeres, Erteke:0
INFO:__main__:3004A register olvasasa sikeres, Erteke:0
INFO:__main__:3076A register olvasasa sikeres, Erteke:0.24183936417102814
INFO:__main__:3060A register olvasasa sikeres, Erteke:0.24170123040676117
INFO:__main__:3068A register olvasasa sikeres, Erteke:-0.00817293580621481
INFO:__main__:3110A register olvasasa sikeres, Erteke:50.00880813598633
INFO:__main__:3196A register olvasasa sikeres, Erteke:1.3577855686183571e-36
INFO:__main__:3240A register olvasasa sikeres, Erteke:9
INFO:__main__:3208A register olvasasa sikeres, Erteke:9
INFO:__main__:3224A register olvasasa sikeres, Erteke:222
INFO:__main__:-------------------------------------------------
INFO:__main__:238.02090454101562 Feltoltve az adatbazisba!
INFO:__main__:0 Feltoltve az adatbazisba!
INFO:__main__:0 Feltoltve az adatbazisba!
INFO:__main__:1.0160425901412964 Feltoltve az adatbazisba!
INFO:__main__:0 Feltoltve az adatbazisba!
INFO:__main__:0 Feltoltve az adatbazisba!
INFO:__main__:0.24183936417102814 Feltoltve az adatbazisba!
INFO:__main__:0.24170123040676117 Feltoltve az adatbazisba!
INFO:__main__:-0.00817293580621481 Feltoltve az adatbazisba!
INFO:__main__:50.00880813598633 Feltoltve az adatbazisba!
INFO:__main__:1.3577855686183571e-36 Feltoltve az adatbazisba!
INFO:__main__:9 Feltoltve az adatbazisba!
INFO:__main__:9 Feltoltve az adatbazisba!
INFO:__main__:222 Feltoltve az adatbazisba!
INFO:__main__:-------------------------------------------------
INFO:__main__:-------------------------------------------------
INFO:__main__:Az olvasas es feltoltes befejezodott, 1 perc varakozas!
INFO:__main__:Az olvasas megkezdodott!
INFO:__main__:-------------------------------------------------
INFO:__main__:3028A register olvasasa sikeres, Erteke:235.55459594726562
INFO:__main__:3030A register olvasasa sikeres, Erteke:0
INFO:__main__:3032A register olvasasa sikeres, Erteke:0
INFO:__main__:3000A register olvasasa sikeres, Erteke:1.0099306106567383
INFO:__main__:3002A register olvasasa sikeres, Erteke:0
INFO:__main__:3004A register olvasasa sikeres, Erteke:0
INFO:__main__:3076A register olvasasa sikeres, Erteke:0.23789380490779877
INFO:__main__:3060A register olvasasa sikeres, Erteke:0.23776082694530487
INFO:__main__:3068A register olvasasa sikeres, Erteke:-0.007952741347253323
INFO:__main__:3110A register olvasasa sikeres, Erteke:50.01264953613281
INFO:__main__:3196A register olvasasa sikeres, Erteke:1.3577855686183571e-36
INFO:__main__:3240A register olvasasa sikeres, Erteke:9
INFO:__main__:3208A register olvasasa sikeres, Erteke:9
INFO:__main__:3224A register olvasasa sikeres, Erteke:222
INFO:__main__:-------------------------------------------------
INFO:__main__:235.55459594726562 Feltoltve az adatbazisba!
INFO:__main__:0 Feltoltve az adatbazisba!
INFO:__main__:0 Feltoltve az adatbazisba!
INFO:__main__:1.0099306106567383 Feltoltve az adatbazisba!
INFO:__main__:0 Feltoltve az adatbazisba!
INFO:__main__:0 Feltoltve az adatbazisba!
INFO:__main__:0.23789380490779877 Feltoltve az adatbazisba!
INFO:__main__:0.23776082694530487 Feltoltve az adatbazisba!
INFO:__main__:-0.007952741347253323 Feltoltve az adatbazisba!
INFO:__main__:50.01264953613281 Feltoltve az adatbazisba!
INFO:__main__:1.3577855686183571e-36 Feltoltve az adatbazisba!
INFO:__main__:9 Feltoltve az adatbazisba!
INFO:__main__:9 Feltoltve az adatbazisba!
INFO:__main__:222 Feltoltve az adatbazisba!
INFO:__main__:-------------------------------------------------
INFO:__main__:-------------------------------------------------
INFO:__main__:Az olvasas es feltoltes befejezodott, 1 perc varakozas!
INFO:__main__:Az olvasas megkezdodott!
INFO:__main__:-------------------------------------------------
INFO:__main__:3028A register olvasasa sikeres, Erteke:235.4687957763672
INFO:__main__:3030A register olvasasa sikeres, Erteke:0
INFO:__main__:3032A register olvasasa sikeres, Erteke:0
INFO:__main__:3000A register olvasasa sikeres, Erteke:1.0097533464431763
INFO:__main__:3002A register olvasasa sikeres, Erteke:0
INFO:__main__:3004A register olvasasa sikeres, Erteke:0
INFO:__main__:3076A register olvasasa sikeres, Erteke:0.23776541650295258
INFO:__main__:3060A register olvasasa sikeres, Erteke:0.23763366043567657
INFO:__main__:3068A register olvasasa sikeres, Erteke:-0.008014878258109093
INFO:__main__:3110A register olvasasa sikeres, Erteke:50.0147819519043
INFO:__main__:3196A register olvasasa sikeres, Erteke:1.3577855686183571e-36
INFO:__main__:3240A register olvasasa sikeres, Erteke:9
INFO:__main__:3208A register olvasasa sikeres, Erteke:9
INFO:__main__:3224A register olvasasa sikeres, Erteke:223
INFO:__main__:-------------------------------------------------
INFO:__main__:235.4687957763672 Feltoltve az adatbazisba!
INFO:__main__:0 Feltoltve az adatbazisba!
INFO:__main__:0 Feltoltve az adatbazisba!
INFO:__main__:1.0097533464431763 Feltoltve az adatbazisba!
INFO:__main__:0 Feltoltve az adatbazisba!
INFO:__main__:0 Feltoltve az adatbazisba!
INFO:__main__:0.23776541650295258 Feltoltve az adatbazisba!
INFO:__main__:0.23763366043567657 Feltoltve az adatbazisba!
INFO:__main__:-0.008014878258109093 Feltoltve az adatbazisba!
INFO:__main__:50.0147819519043 Feltoltve az adatbazisba!
INFO:__main__:1.3577855686183571e-36 Feltoltve az adatbazisba!
INFO:__main__:9 Feltoltve az adatbazisba!
INFO:__main__:9 Feltoltve az adatbazisba!
INFO:__main__:223 Feltoltve az adatbazisba!
INFO:__main__:-------------------------------------------------
INFO:__main__:-------------------------------------------------
INFO:__main__:Az olvasas es feltoltes befejezodott, 1 perc varakozas!
INFO:__main__:Az olvasas megkezdodott!
INFO:__main__:-------------------------------------------------
INFO:__main__:3028A register olvasasa sikeres, Erteke:235.5422821044922
INFO:__main__:3030A register olvasasa sikeres, Erteke:0
INFO:__main__:3032A register olvasasa sikeres, Erteke:0
INFO:__main__:3000A register olvasasa sikeres, Erteke:1.0100555419921875
INFO:__main__:3002A register olvasasa sikeres, Erteke:0
INFO:__main__:3004A register olvasasa sikeres, Erteke:0
INFO:__main__:3076A register olvasasa sikeres, Erteke:0.23791077733039856
INFO:__main__:3060A register olvasasa sikeres, Erteke:0.23777633905410767
INFO:__main__:3068A register olvasasa sikeres, Erteke:-0.007997069507837296
INFO:__main__:3110A register olvasasa sikeres, Erteke:50.02484893798828
INFO:__main__:3196A register olvasasa sikeres, Erteke:1.3577855686183571e-36
INFO:__main__:3240A register olvasasa sikeres, Erteke:9
INFO:__main__:3208A register olvasasa sikeres, Erteke:9
INFO:__main__:3224A register olvasasa sikeres, Erteke:223
INFO:__main__:-------------------------------------------------
INFO:__main__:235.5422821044922 Feltoltve az adatbazisba!
INFO:__main__:0 Feltoltve az adatbazisba!
INFO:__main__:0 Feltoltve az adatbazisba!
INFO:__main__:1.0100555419921875 Feltoltve az adatbazisba!
INFO:__main__:0 Feltoltve az adatbazisba!
INFO:__main__:0 Feltoltve az adatbazisba!
INFO:__main__:0.23791077733039856 Feltoltve az adatbazisba!
INFO:__main__:0.23777633905410767 Feltoltve az adatbazisba!
INFO:__main__:-0.007997069507837296 Feltoltve az adatbazisba!
INFO:__main__:50.02484893798828 Feltoltve az adatbazisba!
INFO:__main__:1.3577855686183571e-36 Feltoltve az adatbazisba!
INFO:__main__:9 Feltoltve az adatbazisba!
INFO:__main__:9 Feltoltve az adatbazisba!
INFO:__main__:223 Feltoltve az adatbazisba!
INFO:__main__:-------------------------------------------------
INFO:__main__:-------------------------------------------------
INFO:__main__:Az olvasas es feltoltes befejezodott, 1 perc varakozas!
INFO:__main__:Az olvasas megkezdodott!
INFO:__main__:-------------------------------------------------
INFO:__main__:3028A register olvasasa sikeres, Erteke:235.30282592773438
INFO:__main__:3030A register olvasasa sikeres, Erteke:0
INFO:__main__:3032A register olvasasa sikeres, Erteke:0
INFO:__main__:3000A register olvasasa sikeres, Erteke:1.0087088346481323
INFO:__main__:3002A register olvasasa sikeres, Erteke:0
INFO:__main__:3004A register olvasasa sikeres, Erteke:0
INFO:__main__:3076A register olvasasa sikeres, Erteke:0.23735202848911285
INFO:__main__:3060A register olvasasa sikeres, Erteke:0.23722022771835327
INFO:__main__:3068A register olvasasa sikeres, Erteke:-0.007908904924988747
INFO:__main__:3110A register olvasasa sikeres, Erteke:50.016719818115234
INFO:__main__:3196A register olvasasa sikeres, Erteke:1.3577855686183571e-36
INFO:__main__:3240A register olvasasa sikeres, Erteke:9
INFO:__main__:3208A register olvasasa sikeres, Erteke:9
INFO:__main__:3224A register olvasasa sikeres, Erteke:223
INFO:__main__:-------------------------------------------------
INFO:__main__:235.30282592773438 Feltoltve az adatbazisba!
INFO:__main__:0 Feltoltve az adatbazisba!
INFO:__main__:0 Feltoltve az adatbazisba!
INFO:__main__:1.0087088346481323 Feltoltve az adatbazisba!
INFO:__main__:0 Feltoltve az adatbazisba!
INFO:__main__:0 Feltoltve az adatbazisba!
INFO:__main__:0.23735202848911285 Feltoltve az adatbazisba!
INFO:__main__:0.23722022771835327 Feltoltve az adatbazisba!
INFO:__main__:-0.007908904924988747 Feltoltve az adatbazisba!
INFO:__main__:50.016719818115234 Feltoltve az adatbazisba!
INFO:__main__:1.3577855686183571e-36 Feltoltve az adatbazisba!
INFO:__main__:9 Feltoltve az adatbazisba!
INFO:__main__:9 Feltoltve az adatbazisba!
INFO:__main__:223 Feltoltve az adatbazisba!
INFO:__main__:-------------------------------------------------
INFO:__main__:-------------------------------------------------
INFO:__main__:Az olvasas es feltoltes befejezodott, 1 perc varakozas!
INFO:__main__:Az olvasas megkezdodott!
INFO:__main__:-------------------------------------------------
INFO:__main__:3028A register olvasasa sikeres, Erteke:235.5369110107422
INFO:__main__:3030A register olvasasa sikeres, Erteke:0
INFO:__main__:3032A register olvasasa sikeres, Erteke:0
INFO:__main__:3000A register olvasasa sikeres, Erteke:1.0099531412124634
INFO:__main__:3002A register olvasasa sikeres, Erteke:0
INFO:__main__:3004A register olvasasa sikeres, Erteke:0
INFO:__main__:3076A register olvasasa sikeres, Erteke:0.23788124322891235
INFO:__main__:3060A register olvasasa sikeres, Erteke:0.23774631321430206
INFO:__main__:3068A register olvasasa sikeres, Erteke:-0.008010978810489178
INFO:__main__:3110A register olvasasa sikeres, Erteke:50.015872955322266
INFO:__main__:3196A register olvasasa sikeres, Erteke:1.3577855686183571e-36
INFO:__main__:3240A register olvasasa sikeres, Erteke:9
INFO:__main__:3208A register olvasasa sikeres, Erteke:9
INFO:__main__:3224A register olvasasa sikeres, Erteke:223
INFO:__main__:-------------------------------------------------
INFO:__main__:235.5369110107422 Feltoltve az adatbazisba!
INFO:__main__:0 Feltoltve az adatbazisba!
INFO:__main__:0 Feltoltve az adatbazisba!
INFO:__main__:1.0099531412124634 Feltoltve az adatbazisba!
INFO:__main__:0 Feltoltve az adatbazisba!
INFO:__main__:0 Feltoltve az adatbazisba!
INFO:__main__:0.23788124322891235 Feltoltve az adatbazisba!
INFO:__main__:0.23774631321430206 Feltoltve az adatbazisba!
INFO:__main__:-0.008010978810489178 Feltoltve az adatbazisba!
INFO:__main__:50.015872955322266 Feltoltve az adatbazisba!
INFO:__main__:1.3577855686183571e-36 Feltoltve az adatbazisba!
INFO:__main__:9 Feltoltve az adatbazisba!
INFO:__main__:9 Feltoltve az adatbazisba!
INFO:__main__:223 Feltoltve az adatbazisba!
INFO:__main__:-------------------------------------------------
INFO:__main__:-------------------------------------------------
INFO:__main__:Az olvasas es feltoltes befejezodott, 1 perc varakozas!
INFO:__main__:Az olvasas megkezdodott!
INFO:__main__:-------------------------------------------------
INFO:__main__:3028A register olvasasa sikeres, Erteke:236.37271118164062
INFO:__main__:3030A register olvasasa sikeres, Erteke:0
INFO:__main__:3032A register olvasasa sikeres, Erteke:0
INFO:__main__:3000A register olvasasa sikeres, Erteke:1.0117120742797852
INFO:__main__:3002A register olvasasa sikeres, Erteke:0
INFO:__main__:3004A register olvasasa sikeres, Erteke:0
INFO:__main__:3076A register olvasasa sikeres, Erteke:0.23914112150669098
INFO:__main__:3060A register olvasasa sikeres, Erteke:0.23900853097438812
INFO:__main__:3068A register olvasasa sikeres, Erteke:-0.007962558418512344
INFO:__main__:3110A register olvasasa sikeres, Erteke:50.016056060791016
INFO:__main__:3196A register olvasasa sikeres, Erteke:1.3577855686183571e-36
INFO:__main__:3240A register olvasasa sikeres, Erteke:9
INFO:__main__:3208A register olvasasa sikeres, Erteke:9
INFO:__main__:3224A register olvasasa sikeres, Erteke:223
INFO:__main__:-------------------------------------------------
INFO:__main__:236.37271118164062 Feltoltve az adatbazisba!
INFO:__main__:0 Feltoltve az adatbazisba!
INFO:__main__:0 Feltoltve az adatbazisba!
INFO:__main__:1.0117120742797852 Feltoltve az adatbazisba!
INFO:__main__:0 Feltoltve az adatbazisba!
INFO:__main__:0 Feltoltve az adatbazisba!
INFO:__main__:0.23914112150669098 Feltoltve az adatbazisba!
INFO:__main__:0.23900853097438812 Feltoltve az adatbazisba!
INFO:__main__:-0.007962558418512344 Feltoltve az adatbazisba!
INFO:__main__:50.016056060791016 Feltoltve az adatbazisba!
INFO:__main__:1.3577855686183571e-36 Feltoltve az adatbazisba!
INFO:__main__:9 Feltoltve az adatbazisba!
INFO:__main__:9 Feltoltve az adatbazisba!
INFO:__main__:223 Feltoltve az adatbazisba!
INFO:__main__:-------------------------------------------------
INFO:__main__:-------------------------------------------------
INFO:__main__:Az olvasas es feltoltes befejezodott, 1 perc varakozas!
INFO:__main__:Az olvasas megkezdodott!
INFO:__main__:-------------------------------------------------
INFO:__main__:3028A register olvasasa sikeres, Erteke:235.93215942382812
INFO:__main__:3030A register olvasasa sikeres, Erteke:0
INFO:__main__:3032A register olvasasa sikeres, Erteke:0
INFO:__main__:3000A register olvasasa sikeres, Erteke:1.010549783706665
INFO:__main__:3002A register olvasasa sikeres, Erteke:0
INFO:__main__:3004A register olvasasa sikeres, Erteke:0
INFO:__main__:3076A register olvasasa sikeres, Erteke:0.23842118680477142
INFO:__main__:3060A register olvasasa sikeres, Erteke:0.23829062283039093
INFO:__main__:3068A register olvasasa sikeres, Erteke:-0.00788961909711361
INFO:__main__:3110A register olvasasa sikeres, Erteke:50.001502990722656
INFO:__main__:3196A register olvasasa sikeres, Erteke:1.3577855686183571e-36
INFO:__main__:3240A register olvasasa sikeres, Erteke:9
INFO:__main__:3208A register olvasasa sikeres, Erteke:9
INFO:__main__:3224A register olvasasa sikeres, Erteke:223
INFO:__main__:-------------------------------------------------
INFO:__main__:235.93215942382812 Feltoltve az adatbazisba!
INFO:__main__:0 Feltoltve az adatbazisba!
INFO:__main__:0 Feltoltve az adatbazisba!
INFO:__main__:1.010549783706665 Feltoltve az adatbazisba!
INFO:__main__:0 Feltoltve az adatbazisba!
INFO:__main__:0 Feltoltve az adatbazisba!
INFO:__main__:0.23842118680477142 Feltoltve az adatbazisba!
INFO:__main__:0.23829062283039093 Feltoltve az adatbazisba!
INFO:__main__:-0.00788961909711361 Feltoltve az adatbazisba!
INFO:__main__:50.001502990722656 Feltoltve az adatbazisba!
INFO:__main__:1.3577855686183571e-36 Feltoltve az adatbazisba!
INFO:__main__:9 Feltoltve az adatbazisba!
INFO:__main__:9 Feltoltve az adatbazisba!
INFO:__main__:223 Feltoltve az adatbazisba!
INFO:__main__:-------------------------------------------------
INFO:__main__:-------------------------------------------------
INFO:__main__:Az olvasas es feltoltes befejezodott, 1 perc varakozas!
INFO:__main__:Az olvasas megkezdodott!
INFO:__main__:-------------------------------------------------
INFO:__main__:3028A register olvasasa sikeres, Erteke:236.35354614257812
INFO:__main__:3030A register olvasasa sikeres, Erteke:0
INFO:__main__:3032A register olvasasa sikeres, Erteke:0
INFO:__main__:3000A register olvasasa sikeres, Erteke:1.0112533569335938
INFO:__main__:3002A register olvasasa sikeres, Erteke:0
INFO:__main__:3004A register olvasasa sikeres, Erteke:0
INFO:__main__:3076A register olvasasa sikeres, Erteke:0.23901331424713135
INFO:__main__:3060A register olvasasa sikeres, Erteke:0.23887938261032104
INFO:__main__:3068A register olvasasa sikeres, Erteke:-0.008000488393008709
INFO:__main__:3110A register olvasasa sikeres, Erteke:50.0179328918457
INFO:__main__:3196A register olvasasa sikeres, Erteke:1.3577855686183571e-36
INFO:__main__:3240A register olvasasa sikeres, Erteke:9
INFO:__main__:3208A register olvasasa sikeres, Erteke:9
INFO:__main__:3224A register olvasasa sikeres, Erteke:223
INFO:__main__:-------------------------------------------------
INFO:__main__:236.35354614257812 Feltoltve az adatbazisba!
INFO:__main__:0 Feltoltve az adatbazisba!
INFO:__main__:0 Feltoltve az adatbazisba!
INFO:__main__:1.0112533569335938 Feltoltve az adatbazisba!
INFO:__main__:0 Feltoltve az adatbazisba!
INFO:__main__:0 Feltoltve az adatbazisba!
INFO:__main__:0.23901331424713135 Feltoltve az adatbazisba!
INFO:__main__:0.23887938261032104 Feltoltve az adatbazisba!
INFO:__main__:-0.008000488393008709 Feltoltve az adatbazisba!
INFO:__main__:50.0179328918457 Feltoltve az adatbazisba!
INFO:__main__:1.3577855686183571e-36 Feltoltve az adatbazisba!
INFO:__main__:9 Feltoltve az adatbazisba!
INFO:__main__:9 Feltoltve az adatbazisba!
INFO:__main__:223 Feltoltve az adatbazisba!
INFO:__main__:-------------------------------------------------
INFO:__main__:-------------------------------------------------
INFO:__main__:Az olvasas es feltoltes befejezodott, 1 perc varakozas!
INFO:__main__:Az olvasas megkezdodott!
INFO:__main__:-------------------------------------------------
INFO:__main__:3028A register olvasasa sikeres, Erteke:236.6999969482422
INFO:__main__:3030A register olvasasa sikeres, Erteke:0
INFO:__main__:3032A register olvasasa sikeres, Erteke:0
INFO:__main__:3000A register olvasasa sikeres, Erteke:1.0122578144073486
INFO:__main__:3002A register olvasasa sikeres, Erteke:0
INFO:__main__:3004A register olvasasa sikeres, Erteke:0
INFO:__main__:3076A register olvasasa sikeres, Erteke:0.23960141837596893
INFO:__main__:3060A register olvasasa sikeres, Erteke:0.23946444690227509
INFO:__main__:3068A register olvasasa sikeres, Erteke:-0.008100684732198715
INFO:__main__:3110A register olvasasa sikeres, Erteke:50.011295318603516
INFO:__main__:3196A register olvasasa sikeres, Erteke:1.3577855686183571e-36
INFO:__main__:3240A register olvasasa sikeres, Erteke:9
INFO:__main__:3208A register olvasasa sikeres, Erteke:9
INFO:__main__:3224A register olvasasa sikeres, Erteke:223
INFO:__main__:-------------------------------------------------
INFO:__main__:236.6999969482422 Feltoltve az adatbazisba!
INFO:__main__:0 Feltoltve az adatbazisba!
INFO:__main__:0 Feltoltve az adatbazisba!
INFO:__main__:1.0122578144073486 Feltoltve az adatbazisba!
INFO:__main__:0 Feltoltve az adatbazisba!
INFO:__main__:0 Feltoltve az adatbazisba!
INFO:__main__:0.23960141837596893 Feltoltve az adatbazisba!
INFO:__main__:0.23946444690227509 Feltoltve az adatbazisba!
INFO:__main__:-0.008100684732198715 Feltoltve az adatbazisba!
INFO:__main__:50.011295318603516 Feltoltve az adatbazisba!
INFO:__main__:1.3577855686183571e-36 Feltoltve az adatbazisba!
INFO:__main__:9 Feltoltve az adatbazisba!
INFO:__main__:9 Feltoltve az adatbazisba!
INFO:__main__:223 Feltoltve az adatbazisba!
INFO:__main__:-------------------------------------------------
INFO:__main__:-------------------------------------------------
INFO:__main__:Az olvasas es feltoltes befejezodott, 1 perc varakozas!
INFO:__main__:Az olvasas megkezdodott!
INFO:__main__:-------------------------------------------------
INFO:__main__:3028A register olvasasa sikeres, Erteke:236.9966278076172
INFO:__main__:3030A register olvasasa sikeres, Erteke:0
INFO:__main__:3032A register olvasasa sikeres, Erteke:0
INFO:__main__:3000A register olvasasa sikeres, Erteke:1.0131293535232544
INFO:__main__:3002A register olvasasa sikeres, Erteke:0
INFO:__main__:3004A register olvasasa sikeres, Erteke:0
INFO:__main__:3076A register olvasasa sikeres, Erteke:0.24010825157165527
INFO:__main__:3060A register olvasasa sikeres, Erteke:0.23997190594673157
INFO:__main__:3068A register olvasasa sikeres, Erteke:-0.008090309798717499
INFO:__main__:3110A register olvasasa sikeres, Erteke:50.02812576293945
INFO:__main__:3196A register olvasasa sikeres, Erteke:1.3577855686183571e-36
INFO:__main__:3240A register olvasasa sikeres, Erteke:9
INFO:__main__:3208A register olvasasa sikeres, Erteke:9
INFO:__main__:3224A register olvasasa sikeres, Erteke:224
INFO:__main__:-------------------------------------------------
INFO:__main__:236.9966278076172 Feltoltve az adatbazisba!
INFO:__main__:0 Feltoltve az adatbazisba!
INFO:__main__:0 Feltoltve az adatbazisba!
INFO:__main__:1.0131293535232544 Feltoltve az adatbazisba!
INFO:__main__:0 Feltoltve az adatbazisba!
INFO:__main__:0 Feltoltve az adatbazisba!
INFO:__main__:0.24010825157165527 Feltoltve az adatbazisba!
INFO:__main__:0.23997190594673157 Feltoltve az adatbazisba!
INFO:__main__:-0.008090309798717499 Feltoltve az adatbazisba!
INFO:__main__:50.02812576293945 Feltoltve az adatbazisba!
INFO:__main__:1.3577855686183571e-36 Feltoltve az adatbazisba!
INFO:__main__:9 Feltoltve az adatbazisba!
INFO:__main__:9 Feltoltve az adatbazisba!
INFO:__main__:224 Feltoltve az adatbazisba!
INFO:__main__:-------------------------------------------------
INFO:__main__:-------------------------------------------------
INFO:__main__:Az olvasas es feltoltes befejezodott, 1 perc varakozas!
INFO:__main__:Az olvasas megkezdodott!
INFO:__main__:-------------------------------------------------
INFO:__main__:3028A register olvasasa sikeres, Erteke:235.35763549804688
INFO:__main__:3030A register olvasasa sikeres, Erteke:0
INFO:__main__:3032A register olvasasa sikeres, Erteke:0
INFO:__main__:3000A register olvasasa sikeres, Erteke:1.0092811584472656
INFO:__main__:3002A register olvasasa sikeres, Erteke:0
INFO:__main__:3004A register olvasasa sikeres, Erteke:0
INFO:__main__:3076A register olvasasa sikeres, Erteke:0.23755551874637604
INFO:__main__:3060A register olvasasa sikeres, Erteke:0.23742295801639557
INFO:__main__:3068A register olvasasa sikeres, Erteke:-0.007934792898595333
INFO:__main__:3110A register olvasasa sikeres, Erteke:50.02006912231445
INFO:__main__:3196A register olvasasa sikeres, Erteke:1.3577855686183571e-36
INFO:__main__:3240A register olvasasa sikeres, Erteke:9
INFO:__main__:3208A register olvasasa sikeres, Erteke:9
INFO:__main__:3224A register olvasasa sikeres, Erteke:224
INFO:__main__:-------------------------------------------------
INFO:__main__:235.35763549804688 Feltoltve az adatbazisba!
INFO:__main__:0 Feltoltve az adatbazisba!
INFO:__main__:0 Feltoltve az adatbazisba!
INFO:__main__:1.0092811584472656 Feltoltve az adatbazisba!
INFO:__main__:0 Feltoltve az adatbazisba!
INFO:__main__:0 Feltoltve az adatbazisba!
INFO:__main__:0.23755551874637604 Feltoltve az adatbazisba!
INFO:__main__:0.23742295801639557 Feltoltve az adatbazisba!
INFO:__main__:-0.007934792898595333 Feltoltve az adatbazisba!
INFO:__main__:50.02006912231445 Feltoltve az adatbazisba!
INFO:__main__:1.3577855686183571e-36 Feltoltve az adatbazisba!
INFO:__main__:9 Feltoltve az adatbazisba!
INFO:__main__:9 Feltoltve az adatbazisba!
INFO:__main__:224 Feltoltve az adatbazisba!
INFO:__main__:-------------------------------------------------
INFO:__main__:-------------------------------------------------
INFO:__main__:Az olvasas es feltoltes befejezodott, 1 perc varakozas!
INFO:__main__:Az olvasas megkezdodott!
INFO:__main__:-------------------------------------------------
INFO:__main__:3028A register olvasasa sikeres, Erteke:235.5161895751953
INFO:__main__:3030A register olvasasa sikeres, Erteke:0
INFO:__main__:3032A register olvasasa sikeres, Erteke:0
INFO:__main__:3000A register olvasasa sikeres, Erteke:1.009718418121338
INFO:__main__:3002A register olvasasa sikeres, Erteke:0
INFO:__main__:3004A register olvasasa sikeres, Erteke:0
INFO:__main__:3076A register olvasasa sikeres, Erteke:0.23780503869056702
INFO:__main__:3060A register olvasasa sikeres, Erteke:0.2376728057861328
INFO:__main__:3068A register olvasasa sikeres, Erteke:-0.007929129526019096
INFO:__main__:3110A register olvasasa sikeres, Erteke:50.003265380859375
INFO:__main__:3196A register olvasasa sikeres, Erteke:1.3577855686183571e-36
INFO:__main__:3240A register olvasasa sikeres, Erteke:9
INFO:__main__:3208A register olvasasa sikeres, Erteke:9
INFO:__main__:3224A register olvasasa sikeres, Erteke:224
INFO:__main__:-------------------------------------------------
INFO:__main__:235.5161895751953 Feltoltve az adatbazisba!
INFO:__main__:0 Feltoltve az adatbazisba!
INFO:__main__:0 Feltoltve az adatbazisba!
INFO:__main__:1.009718418121338 Feltoltve az adatbazisba!
INFO:__main__:0 Feltoltve az adatbazisba!
INFO:__main__:0 Feltoltve az adatbazisba!
INFO:__main__:0.23780503869056702 Feltoltve az adatbazisba!
INFO:__main__:0.2376728057861328 Feltoltve az adatbazisba!
INFO:__main__:-0.007929129526019096 Feltoltve az adatbazisba!
INFO:__main__:50.003265380859375 Feltoltve az adatbazisba!
INFO:__main__:1.3577855686183571e-36 Feltoltve az adatbazisba!
INFO:__main__:9 Feltoltve az adatbazisba!
INFO:__main__:9 Feltoltve az adatbazisba!
INFO:__main__:224 Feltoltve az adatbazisba!
INFO:__main__:-------------------------------------------------
INFO:__main__:-------------------------------------------------
INFO:__main__:Az olvasas es feltoltes befejezodott, 1 perc varakozas!
INFO:__main__:Az olvasas megkezdodott!
INFO:__main__:-------------------------------------------------
INFO:__main__:3028A register olvasasa sikeres, Erteke:237.64686584472656
INFO:__main__:3030A register olvasasa sikeres, Erteke:0
INFO:__main__:3032A register olvasasa sikeres, Erteke:0
INFO:__main__:3000A register olvasasa sikeres, Erteke:1.015039324760437
INFO:__main__:3002A register olvasasa sikeres, Erteke:0
INFO:__main__:3004A register olvasasa sikeres, Erteke:0
INFO:__main__:3076A register olvasasa sikeres, Erteke:0.24122092127799988
INFO:__main__:3060A register olvasasa sikeres, Erteke:0.24108123779296875
INFO:__main__:3068A register olvasasa sikeres, Erteke:-0.00820775143802166
INFO:__main__:3110A register olvasasa sikeres, Erteke:49.97577667236328
INFO:__main__:3196A register olvasasa sikeres, Erteke:1.3577855686183571e-36
INFO:__main__:3240A register olvasasa sikeres, Erteke:9
INFO:__main__:3208A register olvasasa sikeres, Erteke:9
INFO:__main__:3224A register olvasasa sikeres, Erteke:224
INFO:__main__:-------------------------------------------------
INFO:__main__:237.64686584472656 Feltoltve az adatbazisba!
INFO:__main__:0 Feltoltve az adatbazisba!
INFO:__main__:0 Feltoltve az adatbazisba!
INFO:__main__:1.015039324760437 Feltoltve az adatbazisba!
INFO:__main__:0 Feltoltve az adatbazisba!
INFO:__main__:0 Feltoltve az adatbazisba!
INFO:__main__:0.24122092127799988 Feltoltve az adatbazisba!
INFO:__main__:0.24108123779296875 Feltoltve az adatbazisba!
INFO:__main__:-0.00820775143802166 Feltoltve az adatbazisba!
INFO:__main__:49.97577667236328 Feltoltve az adatbazisba!
INFO:__main__:1.3577855686183571e-36 Feltoltve az adatbazisba!
INFO:__main__:9 Feltoltve az adatbazisba!
INFO:__main__:9 Feltoltve az adatbazisba!
INFO:__main__:224 Feltoltve az adatbazisba!
INFO:__main__:-------------------------------------------------
INFO:__main__:-------------------------------------------------
INFO:__main__:Az olvasas es feltoltes befejezodott, 1 perc varakozas!
INFO:__main__:Az olvasas megkezdodott!
INFO:__main__:-------------------------------------------------
INFO:__main__:3028A register olvasasa sikeres, Erteke:238.0413818359375
INFO:__main__:3030A register olvasasa sikeres, Erteke:0
INFO:__main__:3032A register olvasasa sikeres, Erteke:0
INFO:__main__:3000A register olvasasa sikeres, Erteke:1.0156279802322388
INFO:__main__:3002A register olvasasa sikeres, Erteke:0
INFO:__main__:3004A register olvasasa sikeres, Erteke:0
INFO:__main__:3076A register olvasasa sikeres, Erteke:0.2417614907026291
INFO:__main__:3060A register olvasasa sikeres, Erteke:0.24162118136882782
INFO:__main__:3068A register olvasasa sikeres, Erteke:-0.008235308341681957
INFO:__main__:3110A register olvasasa sikeres, Erteke:49.99046325683594
INFO:__main__:3196A register olvasasa sikeres, Erteke:1.3577855686183571e-36
INFO:__main__:3240A register olvasasa sikeres, Erteke:9
INFO:__main__:3208A register olvasasa sikeres, Erteke:9
INFO:__main__:3224A register olvasasa sikeres, Erteke:224
INFO:__main__:-------------------------------------------------
INFO:__main__:238.0413818359375 Feltoltve az adatbazisba!
INFO:__main__:0 Feltoltve az adatbazisba!
INFO:__main__:0 Feltoltve az adatbazisba!
INFO:__main__:1.0156279802322388 Feltoltve az adatbazisba!
INFO:__main__:0 Feltoltve az adatbazisba!
INFO:__main__:0 Feltoltve az adatbazisba!
INFO:__main__:0.2417614907026291 Feltoltve az adatbazisba!
INFO:__main__:0.24162118136882782 Feltoltve az adatbazisba!
INFO:__main__:-0.008235308341681957 Feltoltve az adatbazisba!
INFO:__main__:49.99046325683594 Feltoltve az adatbazisba!
INFO:__main__:1.3577855686183571e-36 Feltoltve az adatbazisba!
INFO:__main__:9 Feltoltve az adatbazisba!
INFO:__main__:9 Feltoltve az adatbazisba!
INFO:__main__:224 Feltoltve az adatbazisba!
INFO:__main__:-------------------------------------------------
INFO:__main__:-------------------------------------------------
INFO:__main__:Az olvasas es feltoltes befejezodott, 1 perc varakozas!
INFO:__main__:Az olvasas megkezdodott!
INFO:__main__:-------------------------------------------------
INFO:__main__:3028A register olvasasa sikeres, Erteke:237.91444396972656
INFO:__main__:3030A register olvasasa sikeres, Erteke:0
INFO:__main__:3032A register olvasasa sikeres, Erteke:0
INFO:__main__:3000A register olvasasa sikeres, Erteke:1.0153920650482178
INFO:__main__:3002A register olvasasa sikeres, Erteke:0
INFO:__main__:3004A register olvasasa sikeres, Erteke:0
INFO:__main__:3076A register olvasasa sikeres, Erteke:0.2415764331817627
INFO:__main__:3060A register olvasasa sikeres, Erteke:0.2414376139640808
INFO:__main__:3068A register olvasasa sikeres, Erteke:-0.008188692852854729
INFO:__main__:3110A register olvasasa sikeres, Erteke:49.975223541259766
INFO:__main__:3196A register olvasasa sikeres, Erteke:1.3577855686183571e-36
INFO:__main__:3240A register olvasasa sikeres, Erteke:9
INFO:__main__:3208A register olvasasa sikeres, Erteke:9
INFO:__main__:3224A register olvasasa sikeres, Erteke:224
INFO:__main__:-------------------------------------------------
INFO:__main__:237.91444396972656 Feltoltve az adatbazisba!
INFO:__main__:0 Feltoltve az adatbazisba!
INFO:__main__:0 Feltoltve az adatbazisba!
INFO:__main__:1.0153920650482178 Feltoltve az adatbazisba!
INFO:__main__:0 Feltoltve az adatbazisba!
INFO:__main__:0 Feltoltve az adatbazisba!
INFO:__main__:0.2415764331817627 Feltoltve az adatbazisba!
INFO:__main__:0.2414376139640808 Feltoltve az adatbazisba!
INFO:__main__:-0.008188692852854729 Feltoltve az adatbazisba!
INFO:__main__:49.975223541259766 Feltoltve az adatbazisba!
INFO:__main__:1.3577855686183571e-36 Feltoltve az adatbazisba!
INFO:__main__:9 Feltoltve az adatbazisba!
INFO:__main__:9 Feltoltve az adatbazisba!
INFO:__main__:224 Feltoltve az adatbazisba!
INFO:__main__:-------------------------------------------------
INFO:__main__:-------------------------------------------------
INFO:__main__:Az olvasas es feltoltes befejezodott, 1 perc varakozas!
INFO:__main__:Az olvasas megkezdodott!
INFO:__main__:-------------------------------------------------
INFO:__main__:3028A register olvasasa sikeres, Erteke:238.04197692871094
INFO:__main__:3030A register olvasasa sikeres, Erteke:0
INFO:__main__:3032A register olvasasa sikeres, Erteke:0
INFO:__main__:3000A register olvasasa sikeres, Erteke:1.0156751871109009
INFO:__main__:3002A register olvasasa sikeres, Erteke:0
INFO:__main__:3004A register olvasasa sikeres, Erteke:0
INFO:__main__:3076A register olvasasa sikeres, Erteke:0.2417733371257782
INFO:__main__:3060A register olvasasa sikeres, Erteke:0.24163465201854706
INFO:__main__:3068A register olvasasa sikeres, Erteke:-0.008187499828636646
INFO:__main__:3110A register olvasasa sikeres, Erteke:50.006004333496094
INFO:__main__:3196A register olvasasa sikeres, Erteke:1.3577855686183571e-36
INFO:__main__:3240A register olvasasa sikeres, Erteke:9
INFO:__main__:3208A register olvasasa sikeres, Erteke:9
INFO:__main__:3224A register olvasasa sikeres, Erteke:224
INFO:__main__:-------------------------------------------------
INFO:__main__:238.04197692871094 Feltoltve az adatbazisba!
INFO:__main__:0 Feltoltve az adatbazisba!
INFO:__main__:0 Feltoltve az adatbazisba!
INFO:__main__:1.0156751871109009 Feltoltve az adatbazisba!
INFO:__main__:0 Feltoltve az adatbazisba!
INFO:__main__:0 Feltoltve az adatbazisba!
INFO:__main__:0.2417733371257782 Feltoltve az adatbazisba!
INFO:__main__:0.24163465201854706 Feltoltve az adatbazisba!
INFO:__main__:-0.008187499828636646 Feltoltve az adatbazisba!
INFO:__main__:50.006004333496094 Feltoltve az adatbazisba!
INFO:__main__:1.3577855686183571e-36 Feltoltve az adatbazisba!
INFO:__main__:9 Feltoltve az adatbazisba!
INFO:__main__:9 Feltoltve az adatbazisba!
INFO:__main__:224 Feltoltve az adatbazisba!
INFO:__main__:-------------------------------------------------
INFO:__main__:-------------------------------------------------
INFO:__main__:Az olvasas es feltoltes befejezodott, 1 perc varakozas!
INFO:__main__:Az olvasas megkezdodott!
INFO:__main__:-------------------------------------------------
INFO:__main__:3028A register olvasasa sikeres, Erteke:237.8370361328125
INFO:__main__:3030A register olvasasa sikeres, Erteke:0
INFO:__main__:3032A register olvasasa sikeres, Erteke:0
INFO:__main__:3000A register olvasasa sikeres, Erteke:1.0151238441467285
INFO:__main__:3002A register olvasasa sikeres, Erteke:0
INFO:__main__:3004A register olvasasa sikeres, Erteke:0
INFO:__main__:3076A register olvasasa sikeres, Erteke:0.24143405258655548
INFO:__main__:3060A register olvasasa sikeres, Erteke:0.24129177629947662
INFO:__main__:3068A register olvasasa sikeres, Erteke:-0.008287320844829082
INFO:__main__:3110A register olvasasa sikeres, Erteke:50.00472640991211
INFO:__main__:3196A register olvasasa sikeres, Erteke:1.3577855686183571e-36
INFO:__main__:3240A register olvasasa sikeres, Erteke:9
INFO:__main__:3208A register olvasasa sikeres, Erteke:9
INFO:__main__:3224A register olvasasa sikeres, Erteke:225
INFO:__main__:-------------------------------------------------
INFO:__main__:237.8370361328125 Feltoltve az adatbazisba!
INFO:__main__:0 Feltoltve az adatbazisba!
INFO:__main__:0 Feltoltve az adatbazisba!
INFO:__main__:1.0151238441467285 Feltoltve az adatbazisba!
INFO:__main__:0 Feltoltve az adatbazisba!
INFO:__main__:0 Feltoltve az adatbazisba!
INFO:__main__:0.24143405258655548 Feltoltve az adatbazisba!
INFO:__main__:0.24129177629947662 Feltoltve az adatbazisba!
INFO:__main__:-0.008287320844829082 Feltoltve az adatbazisba!
INFO:__main__:50.00472640991211 Feltoltve az adatbazisba!
INFO:__main__:1.3577855686183571e-36 Feltoltve az adatbazisba!
INFO:__main__:9 Feltoltve az adatbazisba!
INFO:__main__:9 Feltoltve az adatbazisba!
INFO:__main__:225 Feltoltve az adatbazisba!
INFO:__main__:-------------------------------------------------
INFO:__main__:-------------------------------------------------
INFO:__main__:Az olvasas es feltoltes befejezodott, 1 perc varakozas!
INFO:__main__:Az olvasas megkezdodott!
INFO:__main__:-------------------------------------------------
INFO:__main__:3028A register olvasasa sikeres, Erteke:238.0491485595703
INFO:__main__:3030A register olvasasa sikeres, Erteke:0
INFO:__main__:3032A register olvasasa sikeres, Erteke:0
INFO:__main__:3000A register olvasasa sikeres, Erteke:1.0161691904067993
INFO:__main__:3002A register olvasasa sikeres, Erteke:0
INFO:__main__:3004A register olvasasa sikeres, Erteke:0
INFO:__main__:3076A register olvasasa sikeres, Erteke:0.24189820885658264
INFO:__main__:3060A register olvasasa sikeres, Erteke:0.24175681173801422
INFO:__main__:3068A register olvasasa sikeres, Erteke:-0.00826986227184534
INFO:__main__:3110A register olvasasa sikeres, Erteke:49.99480056762695
INFO:__main__:3196A register olvasasa sikeres, Erteke:1.3577855686183571e-36
INFO:__main__:3240A register olvasasa sikeres, Erteke:9
INFO:__main__:3208A register olvasasa sikeres, Erteke:9
INFO:__main__:3224A register olvasasa sikeres, Erteke:225
INFO:__main__:-------------------------------------------------
INFO:__main__:238.0491485595703 Feltoltve az adatbazisba!
INFO:__main__:0 Feltoltve az adatbazisba!
INFO:__main__:0 Feltoltve az adatbazisba!
INFO:__main__:1.0161691904067993 Feltoltve az adatbazisba!
INFO:__main__:0 Feltoltve az adatbazisba!
INFO:__main__:0 Feltoltve az adatbazisba!
INFO:__main__:0.24189820885658264 Feltoltve az adatbazisba!
INFO:__main__:0.24175681173801422 Feltoltve az adatbazisba!
INFO:__main__:-0.00826986227184534 Feltoltve az adatbazisba!
INFO:__main__:49.99480056762695 Feltoltve az adatbazisba!
INFO:__main__:1.3577855686183571e-36 Feltoltve az adatbazisba!
INFO:__main__:9 Feltoltve az adatbazisba!
INFO:__main__:9 Feltoltve az adatbazisba!
INFO:__main__:225 Feltoltve az adatbazisba!
INFO:__main__:-------------------------------------------------
INFO:__main__:-------------------------------------------------
INFO:__main__:Az olvasas es feltoltes befejezodott, 1 perc varakozas!
INFO:__main__:Az olvasas megkezdodott!
INFO:__main__:-------------------------------------------------
INFO:__main__:3028A register olvasasa sikeres, Erteke:238.46620178222656
INFO:__main__:3030A register olvasasa sikeres, Erteke:0
INFO:__main__:3032A register olvasasa sikeres, Erteke:0
INFO:__main__:3000A register olvasasa sikeres, Erteke:1.0168713331222534
INFO:__main__:3002A register olvasasa sikeres, Erteke:0
INFO:__main__:3004A register olvasasa sikeres, Erteke:0
INFO:__main__:3076A register olvasasa sikeres, Erteke:0.24248944222927094
INFO:__main__:3060A register olvasasa sikeres, Erteke:0.24235612154006958
INFO:__main__:3068A register olvasasa sikeres, Erteke:-0.00803969707340002
INFO:__main__:3110A register olvasasa sikeres, Erteke:50.01951217651367
INFO:__main__:3196A register olvasasa sikeres, Erteke:1.3577855686183571e-36
INFO:__main__:3240A register olvasasa sikeres, Erteke:9
INFO:__main__:3208A register olvasasa sikeres, Erteke:9
INFO:__main__:3224A register olvasasa sikeres, Erteke:225
INFO:__main__:-------------------------------------------------
INFO:__main__:238.46620178222656 Feltoltve az adatbazisba!
INFO:__main__:0 Feltoltve az adatbazisba!
INFO:__main__:0 Feltoltve az adatbazisba!
INFO:__main__:1.0168713331222534 Feltoltve az adatbazisba!
INFO:__main__:0 Feltoltve az adatbazisba!
INFO:__main__:0 Feltoltve az adatbazisba!
INFO:__main__:0.24248944222927094 Feltoltve az adatbazisba!
INFO:__main__:0.24235612154006958 Feltoltve az adatbazisba!
INFO:__main__:-0.00803969707340002 Feltoltve az adatbazisba!
INFO:__main__:50.01951217651367 Feltoltve az adatbazisba!
INFO:__main__:1.3577855686183571e-36 Feltoltve az adatbazisba!
INFO:__main__:9 Feltoltve az adatbazisba!
INFO:__main__:9 Feltoltve az adatbazisba!
INFO:__main__:225 Feltoltve az adatbazisba!
INFO:__main__:-------------------------------------------------
INFO:__main__:-------------------------------------------------
INFO:__main__:Az olvasas es feltoltes befejezodott, 1 perc varakozas!
INFO:__main__:Az olvasas megkezdodott!
INFO:__main__:-------------------------------------------------
INFO:__main__:3028A register olvasasa sikeres, Erteke:237.40345764160156
INFO:__main__:3030A register olvasasa sikeres, Erteke:0
INFO:__main__:3032A register olvasasa sikeres, Erteke:0
INFO:__main__:3000A register olvasasa sikeres, Erteke:1.014636754989624
INFO:__main__:3002A register olvasasa sikeres, Erteke:0
INFO:__main__:3004A register olvasasa sikeres, Erteke:0
INFO:__main__:3076A register olvasasa sikeres, Erteke:0.24087828397750854
INFO:__main__:3060A register olvasasa sikeres, Erteke:0.2407437562942505
INFO:__main__:3068A register olvasasa sikeres, Erteke:-0.008049165830016136
INFO:__main__:3110A register olvasasa sikeres, Erteke:50.030147552490234
INFO:__main__:3196A register olvasasa sikeres, Erteke:1.3577855686183571e-36
INFO:__main__:3240A register olvasasa sikeres, Erteke:9
INFO:__main__:3208A register olvasasa sikeres, Erteke:9
INFO:__main__:3224A register olvasasa sikeres, Erteke:225
INFO:__main__:-------------------------------------------------
INFO:__main__:237.40345764160156 Feltoltve az adatbazisba!
INFO:__main__:0 Feltoltve az adatbazisba!
INFO:__main__:0 Feltoltve az adatbazisba!
INFO:__main__:1.014636754989624 Feltoltve az adatbazisba!
INFO:__main__:0 Feltoltve az adatbazisba!
INFO:__main__:0 Feltoltve az adatbazisba!
INFO:__main__:0.24087828397750854 Feltoltve az adatbazisba!
INFO:__main__:0.2407437562942505 Feltoltve az adatbazisba!
INFO:__main__:-0.008049165830016136 Feltoltve az adatbazisba!
INFO:__main__:50.030147552490234 Feltoltve az adatbazisba!
INFO:__main__:1.3577855686183571e-36 Feltoltve az adatbazisba!
INFO:__main__:9 Feltoltve az adatbazisba!
INFO:__main__:9 Feltoltve az adatbazisba!
INFO:__main__:225 Feltoltve az adatbazisba!
INFO:__main__:-------------------------------------------------
INFO:__main__:-------------------------------------------------
INFO:__main__:Az olvasas es feltoltes befejezodott, 1 perc varakozas!
INFO:__main__:Az olvasas megkezdodott!
INFO:__main__:-------------------------------------------------
INFO:__main__:3028A register olvasasa sikeres, Erteke:238.3594512939453
INFO:__main__:3030A register olvasasa sikeres, Erteke:0
INFO:__main__:3032A register olvasasa sikeres, Erteke:0
INFO:__main__:3000A register olvasasa sikeres, Erteke:1.016327977180481
INFO:__main__:3002A register olvasasa sikeres, Erteke:0
INFO:__main__:3004A register olvasasa sikeres, Erteke:0
INFO:__main__:3076A register olvasasa sikeres, Erteke:0.24225136637687683
INFO:__main__:3060A register olvasasa sikeres, Erteke:0.2421143651008606
INFO:__main__:3068A register olvasasa sikeres, Erteke:-0.008146126754581928
INFO:__main__:3110A register olvasasa sikeres, Erteke:50.0075798034668
INFO:__main__:3196A register olvasasa sikeres, Erteke:1.3577855686183571e-36
INFO:__main__:3240A register olvasasa sikeres, Erteke:9
INFO:__main__:3208A register olvasasa sikeres, Erteke:9
INFO:__main__:3224A register olvasasa sikeres, Erteke:225
INFO:__main__:-------------------------------------------------
INFO:__main__:238.3594512939453 Feltoltve az adatbazisba!
INFO:__main__:0 Feltoltve az adatbazisba!
INFO:__main__:0 Feltoltve az adatbazisba!
INFO:__main__:1.016327977180481 Feltoltve az adatbazisba!
INFO:__main__:0 Feltoltve az adatbazisba!
INFO:__main__:0 Feltoltve az adatbazisba!
INFO:__main__:0.24225136637687683 Feltoltve az adatbazisba!
INFO:__main__:0.2421143651008606 Feltoltve az adatbazisba!
INFO:__main__:-0.008146126754581928 Feltoltve az adatbazisba!
INFO:__main__:50.0075798034668 Feltoltve az adatbazisba!
INFO:__main__:1.3577855686183571e-36 Feltoltve az adatbazisba!
INFO:__main__:9 Feltoltve az adatbazisba!
INFO:__main__:9 Feltoltve az adatbazisba!
INFO:__main__:225 Feltoltve az adatbazisba!
INFO:__main__:-------------------------------------------------
INFO:__main__:-------------------------------------------------
INFO:__main__:Az olvasas es feltoltes befejezodott, 1 perc varakozas!
INFO:__main__:Az olvasas megkezdodott!
INFO:__main__:-------------------------------------------------
INFO:__main__:3028A register olvasasa sikeres, Erteke:239.19241333007812
INFO:__main__:3030A register olvasasa sikeres, Erteke:0
INFO:__main__:3032A register olvasasa sikeres, Erteke:0
INFO:__main__:3000A register olvasasa sikeres, Erteke:1.0190563201904297
INFO:__main__:3002A register olvasasa sikeres, Erteke:0
INFO:__main__:3004A register olvasasa sikeres, Erteke:0
INFO:__main__:3076A register olvasasa sikeres, Erteke:0.24375052750110626
INFO:__main__:3060A register olvasasa sikeres, Erteke:0.24360968172550201
INFO:__main__:3068A register olvasasa sikeres, Erteke:-0.00828543584793806
INFO:__main__:3110A register olvasasa sikeres, Erteke:50.01552200317383
INFO:__main__:3196A register olvasasa sikeres, Erteke:1.3577855686183571e-36
INFO:__main__:3240A register olvasasa sikeres, Erteke:9
INFO:__main__:3208A register olvasasa sikeres, Erteke:9
INFO:__main__:3224A register olvasasa sikeres, Erteke:225
INFO:__main__:-------------------------------------------------
INFO:__main__:239.19241333007812 Feltoltve az adatbazisba!
INFO:__main__:0 Feltoltve az adatbazisba!
INFO:__main__:0 Feltoltve az adatbazisba!
INFO:__main__:1.0190563201904297 Feltoltve az adatbazisba!
INFO:__main__:0 Feltoltve az adatbazisba!
INFO:__main__:0 Feltoltve az adatbazisba!
INFO:__main__:0.24375052750110626 Feltoltve az adatbazisba!
INFO:__main__:0.24360968172550201 Feltoltve az adatbazisba!
INFO:__main__:-0.00828543584793806 Feltoltve az adatbazisba!
INFO:__main__:50.01552200317383 Feltoltve az adatbazisba!
INFO:__main__:1.3577855686183571e-36 Feltoltve az adatbazisba!
INFO:__main__:9 Feltoltve az adatbazisba!
INFO:__main__:9 Feltoltve az adatbazisba!
INFO:__main__:225 Feltoltve az adatbazisba!
INFO:__main__:-------------------------------------------------
INFO:__main__:-------------------------------------------------
INFO:__main__:Az olvasas es feltoltes befejezodott, 1 perc varakozas!
INFO:__main__:Az olvasas megkezdodott!
INFO:__main__:-------------------------------------------------
INFO:__main__:3028A register olvasasa sikeres, Erteke:238.90377807617188
INFO:__main__:3030A register olvasasa sikeres, Erteke:0
INFO:__main__:3032A register olvasasa sikeres, Erteke:0
INFO:__main__:3000A register olvasasa sikeres, Erteke:1.0180832147598267
INFO:__main__:3002A register olvasasa sikeres, Erteke:0
INFO:__main__:3004A register olvasasa sikeres, Erteke:0
INFO:__main__:3076A register olvasasa sikeres, Erteke:0.24322392046451569
INFO:__main__:3060A register olvasasa sikeres, Erteke:0.2430916726589203
INFO:__main__:3068A register olvasasa sikeres, Erteke:-0.008019507862627506
INFO:__main__:3110A register olvasasa sikeres, Erteke:50.00997543334961
INFO:__main__:3196A register olvasasa sikeres, Erteke:1.3577855686183571e-36
INFO:__main__:3240A register olvasasa sikeres, Erteke:9
INFO:__main__:3208A register olvasasa sikeres, Erteke:9
INFO:__main__:3224A register olvasasa sikeres, Erteke:225
INFO:__main__:-------------------------------------------------
INFO:__main__:238.90377807617188 Feltoltve az adatbazisba!
INFO:__main__:0 Feltoltve az adatbazisba!
INFO:__main__:0 Feltoltve az adatbazisba!
INFO:__main__:1.0180832147598267 Feltoltve az adatbazisba!
INFO:__main__:0 Feltoltve az adatbazisba!
INFO:__main__:0 Feltoltve az adatbazisba!
INFO:__main__:0.24322392046451569 Feltoltve az adatbazisba!
INFO:__main__:0.2430916726589203 Feltoltve az adatbazisba!
INFO:__main__:-0.008019507862627506 Feltoltve az adatbazisba!
INFO:__main__:50.00997543334961 Feltoltve az adatbazisba!
INFO:__main__:1.3577855686183571e-36 Feltoltve az adatbazisba!
INFO:__main__:9 Feltoltve az adatbazisba!
INFO:__main__:9 Feltoltve az adatbazisba!
INFO:__main__:225 Feltoltve az adatbazisba!
INFO:__main__:-------------------------------------------------
INFO:__main__:-------------------------------------------------
INFO:__main__:Az olvasas es feltoltes befejezodott, 1 perc varakozas!
INFO:__main__:Az olvasas megkezdodott!
INFO:__main__:-------------------------------------------------
INFO:__main__:3028A register olvasasa sikeres, Erteke:238.91261291503906
INFO:__main__:3030A register olvasasa sikeres, Erteke:0
INFO:__main__:3032A register olvasasa sikeres, Erteke:0
INFO:__main__:3000A register olvasasa sikeres, Erteke:1.0181527137756348
INFO:__main__:3002A register olvasasa sikeres, Erteke:0
INFO:__main__:3004A register olvasasa sikeres, Erteke:0
INFO:__main__:3076A register olvasasa sikeres, Erteke:0.24324952065944672
INFO:__main__:3060A register olvasasa sikeres, Erteke:0.2431120127439499
INFO:__main__:3068A register olvasasa sikeres, Erteke:-0.008177952840924263
INFO:__main__:3110A register olvasasa sikeres, Erteke:49.99996566772461
INFO:__main__:3196A register olvasasa sikeres, Erteke:1.3577855686183571e-36
INFO:__main__:3240A register olvasasa sikeres, Erteke:9
INFO:__main__:3208A register olvasasa sikeres, Erteke:9
INFO:__main__:3224A register olvasasa sikeres, Erteke:226
INFO:__main__:-------------------------------------------------
INFO:__main__:238.91261291503906 Feltoltve az adatbazisba!
INFO:__main__:0 Feltoltve az adatbazisba!
INFO:__main__:0 Feltoltve az adatbazisba!
INFO:__main__:1.0181527137756348 Feltoltve az adatbazisba!
INFO:__main__:0 Feltoltve az adatbazisba!
INFO:__main__:0 Feltoltve az adatbazisba!
INFO:__main__:0.24324952065944672 Feltoltve az adatbazisba!
INFO:__main__:0.2431120127439499 Feltoltve az adatbazisba!
INFO:__main__:-0.008177952840924263 Feltoltve az adatbazisba!
INFO:__main__:49.99996566772461 Feltoltve az adatbazisba!
INFO:__main__:1.3577855686183571e-36 Feltoltve az adatbazisba!
INFO:__main__:9 Feltoltve az adatbazisba!
INFO:__main__:9 Feltoltve az adatbazisba!
INFO:__main__:226 Feltoltve az adatbazisba!
INFO:__main__:-------------------------------------------------
INFO:__main__:-------------------------------------------------
INFO:__main__:Az olvasas es feltoltes befejezodott, 1 perc varakozas!
INFO:__main__:Az olvasas megkezdodott!
INFO:__main__:-------------------------------------------------
INFO:__main__:3028A register olvasasa sikeres, Erteke:239.12982177734375
INFO:__main__:3030A register olvasasa sikeres, Erteke:0
INFO:__main__:3032A register olvasasa sikeres, Erteke:0
INFO:__main__:3000A register olvasasa sikeres, Erteke:1.0187122821807861
INFO:__main__:3002A register olvasasa sikeres, Erteke:0
INFO:__main__:3004A register olvasasa sikeres, Erteke:0
INFO:__main__:3076A register olvasasa sikeres, Erteke:0.24360449612140656
INFO:__main__:3060A register olvasasa sikeres, Erteke:0.2434651404619217
INFO:__main__:3068A register olvasasa sikeres, Erteke:-0.008238865993916988
INFO:__main__:3110A register olvasasa sikeres, Erteke:50.02591323852539
INFO:__main__:3196A register olvasasa sikeres, Erteke:1.3577855686183571e-36
INFO:__main__:3240A register olvasasa sikeres, Erteke:9
INFO:__main__:3208A register olvasasa sikeres, Erteke:9
INFO:__main__:3224A register olvasasa sikeres, Erteke:226
INFO:__main__:-------------------------------------------------
INFO:__main__:239.12982177734375 Feltoltve az adatbazisba!
INFO:__main__:0 Feltoltve az adatbazisba!
INFO:__main__:0 Feltoltve az adatbazisba!
INFO:__main__:1.0187122821807861 Feltoltve az adatbazisba!
INFO:__main__:0 Feltoltve az adatbazisba!
INFO:__main__:0 Feltoltve az adatbazisba!
INFO:__main__:0.24360449612140656 Feltoltve az adatbazisba!
INFO:__main__:0.2434651404619217 Feltoltve az adatbazisba!
INFO:__main__:-0.008238865993916988 Feltoltve az adatbazisba!
INFO:__main__:50.02591323852539 Feltoltve az adatbazisba!
INFO:__main__:1.3577855686183571e-36 Feltoltve az adatbazisba!
INFO:__main__:9 Feltoltve az adatbazisba!
INFO:__main__:9 Feltoltve az adatbazisba!
INFO:__main__:226 Feltoltve az adatbazisba!
INFO:__main__:-------------------------------------------------
INFO:__main__:-------------------------------------------------
INFO:__main__:Az olvasas es feltoltes befejezodott, 1 perc varakozas!
INFO:__main__:Az olvasas megkezdodott!
INFO:__main__:-------------------------------------------------
INFO:__main__:3028A register olvasasa sikeres, Erteke:238.2773895263672
INFO:__main__:3030A register olvasasa sikeres, Erteke:0
INFO:__main__:3032A register olvasasa sikeres, Erteke:0
INFO:__main__:3000A register olvasasa sikeres, Erteke:1.0166455507278442
INFO:__main__:3002A register olvasasa sikeres, Erteke:0
INFO:__main__:3004A register olvasasa sikeres, Erteke:0
INFO:__main__:3076A register olvasasa sikeres, Erteke:0.24224364757537842
INFO:__main__:3060A register olvasasa sikeres, Erteke:0.24210679531097412
INFO:__main__:3068A register olvasasa sikeres, Erteke:-0.008141809143126011
INFO:__main__:3110A register olvasasa sikeres, Erteke:49.999691009521484
INFO:__main__:3196A register olvasasa sikeres, Erteke:1.3577855686183571e-36
INFO:__main__:3240A register olvasasa sikeres, Erteke:9
INFO:__main__:3208A register olvasasa sikeres, Erteke:9
INFO:__main__:3224A register olvasasa sikeres, Erteke:226
INFO:__main__:-------------------------------------------------
INFO:__main__:238.2773895263672 Feltoltve az adatbazisba!
INFO:__main__:0 Feltoltve az adatbazisba!
INFO:__main__:0 Feltoltve az adatbazisba!
INFO:__main__:1.0166455507278442 Feltoltve az adatbazisba!
INFO:__main__:0 Feltoltve az adatbazisba!
INFO:__main__:0 Feltoltve az adatbazisba!
INFO:__main__:0.24224364757537842 Feltoltve az adatbazisba!
INFO:__main__:0.24210679531097412 Feltoltve az adatbazisba!
INFO:__main__:-0.008141809143126011 Feltoltve az adatbazisba!
INFO:__main__:49.999691009521484 Feltoltve az adatbazisba!
INFO:__main__:1.3577855686183571e-36 Feltoltve az adatbazisba!
INFO:__main__:9 Feltoltve az adatbazisba!
INFO:__main__:9 Feltoltve az adatbazisba!
INFO:__main__:226 Feltoltve az adatbazisba!
INFO:__main__:-------------------------------------------------
INFO:__main__:-------------------------------------------------
INFO:__main__:Az olvasas es feltoltes befejezodott, 1 perc varakozas!
INFO:__main__:Az olvasas megkezdodott!
INFO:__main__:-------------------------------------------------
INFO:__main__:3028A register olvasasa sikeres, Erteke:238.15203857421875
INFO:__main__:3030A register olvasasa sikeres, Erteke:0
INFO:__main__:3032A register olvasasa sikeres, Erteke:0
INFO:__main__:3000A register olvasasa sikeres, Erteke:1.0163031816482544
INFO:__main__:3002A register olvasasa sikeres, Erteke:0
INFO:__main__:3004A register olvasasa sikeres, Erteke:0
INFO:__main__:3076A register olvasasa sikeres, Erteke:0.2420346736907959
INFO:__main__:3060A register olvasasa sikeres, Erteke:0.24189957976341248
INFO:__main__:3068A register olvasasa sikeres, Erteke:-0.008085480891168118
INFO:__main__:3110A register olvasasa sikeres, Erteke:49.99070358276367
INFO:__main__:3196A register olvasasa sikeres, Erteke:1.3577855686183571e-36
INFO:__main__:3240A register olvasasa sikeres, Erteke:9
INFO:__main__:3208A register olvasasa sikeres, Erteke:9
INFO:__main__:3224A register olvasasa sikeres, Erteke:226
INFO:__main__:-------------------------------------------------
INFO:__main__:238.15203857421875 Feltoltve az adatbazisba!
INFO:__main__:0 Feltoltve az adatbazisba!
INFO:__main__:0 Feltoltve az adatbazisba!
INFO:__main__:1.0163031816482544 Feltoltve az adatbazisba!
INFO:__main__:0 Feltoltve az adatbazisba!
INFO:__main__:0 Feltoltve az adatbazisba!
INFO:__main__:0.2420346736907959 Feltoltve az adatbazisba!
INFO:__main__:0.24189957976341248 Feltoltve az adatbazisba!
INFO:__main__:-0.008085480891168118 Feltoltve az adatbazisba!
INFO:__main__:49.99070358276367 Feltoltve az adatbazisba!
INFO:__main__:1.3577855686183571e-36 Feltoltve az adatbazisba!
INFO:__main__:9 Feltoltve az adatbazisba!
INFO:__main__:9 Feltoltve az adatbazisba!
INFO:__main__:226 Feltoltve az adatbazisba!
INFO:__main__:-------------------------------------------------
INFO:__main__:-------------------------------------------------
INFO:__main__:Az olvasas es feltoltes befejezodott, 1 perc varakozas!
INFO:__main__:Az olvasas megkezdodott!
INFO:__main__:-------------------------------------------------
INFO:__main__:3028A register olvasasa sikeres, Erteke:237.78765869140625
INFO:__main__:3030A register olvasasa sikeres, Erteke:0
INFO:__main__:3032A register olvasasa sikeres, Erteke:0
INFO:__main__:3000A register olvasasa sikeres, Erteke:1.0156131982803345
INFO:__main__:3002A register olvasasa sikeres, Erteke:0
INFO:__main__:3004A register olvasasa sikeres, Erteke:0
INFO:__main__:3076A register olvasasa sikeres, Erteke:0.24150028824806213
INFO:__main__:3060A register olvasasa sikeres, Erteke:0.24136775732040405
INFO:__main__:3068A register olvasasa sikeres, Erteke:-0.00800000037997961
INFO:__main__:3110A register olvasasa sikeres, Erteke:49.99897766113281
INFO:__main__:3196A register olvasasa sikeres, Erteke:1.3577855686183571e-36
INFO:__main__:3240A register olvasasa sikeres, Erteke:9
INFO:__main__:3208A register olvasasa sikeres, Erteke:9
INFO:__main__:3224A register olvasasa sikeres, Erteke:226
INFO:__main__:-------------------------------------------------
INFO:__main__:237.78765869140625 Feltoltve az adatbazisba!
INFO:__main__:0 Feltoltve az adatbazisba!
INFO:__main__:0 Feltoltve az adatbazisba!
INFO:__main__:1.0156131982803345 Feltoltve az adatbazisba!
INFO:__main__:0 Feltoltve az adatbazisba!
INFO:__main__:0 Feltoltve az adatbazisba!
INFO:__main__:0.24150028824806213 Feltoltve az adatbazisba!
INFO:__main__:0.24136775732040405 Feltoltve az adatbazisba!
INFO:__main__:-0.00800000037997961 Feltoltve az adatbazisba!
INFO:__main__:49.99897766113281 Feltoltve az adatbazisba!
INFO:__main__:1.3577855686183571e-36 Feltoltve az adatbazisba!
INFO:__main__:9 Feltoltve az adatbazisba!
INFO:__main__:9 Feltoltve az adatbazisba!
INFO:__main__:226 Feltoltve az adatbazisba!
INFO:__main__:-------------------------------------------------
INFO:__main__:-------------------------------------------------
INFO:__main__:Az olvasas es feltoltes befejezodott, 1 perc varakozas!
INFO:__main__:Az olvasas megkezdodott!
INFO:__main__:-------------------------------------------------
INFO:__main__:3028A register olvasasa sikeres, Erteke:238.5187530517578
INFO:__main__:3030A register olvasasa sikeres, Erteke:0
INFO:__main__:3032A register olvasasa sikeres, Erteke:0
INFO:__main__:3000A register olvasasa sikeres, Erteke:1.0171787738800049
INFO:__main__:3002A register olvasasa sikeres, Erteke:0
INFO:__main__:3004A register olvasasa sikeres, Erteke:0
INFO:__main__:3076A register olvasasa sikeres, Erteke:0.242616206407547
INFO:__main__:3060A register olvasasa sikeres, Erteke:0.24248270690441132
INFO:__main__:3068A register olvasasa sikeres, Erteke:-0.008047224022448063
INFO:__main__:3110A register olvasasa sikeres, Erteke:49.9953727722168
INFO:__main__:3196A register olvasasa sikeres, Erteke:1.3577855686183571e-36
INFO:__main__:3240A register olvasasa sikeres, Erteke:9
INFO:__main__:3208A register olvasasa sikeres, Erteke:9
INFO:__main__:3224A register olvasasa sikeres, Erteke:226
INFO:__main__:-------------------------------------------------
INFO:__main__:238.5187530517578 Feltoltve az adatbazisba!
INFO:__main__:0 Feltoltve az adatbazisba!
INFO:__main__:0 Feltoltve az adatbazisba!
INFO:__main__:1.0171787738800049 Feltoltve az adatbazisba!
INFO:__main__:0 Feltoltve az adatbazisba!
INFO:__main__:0 Feltoltve az adatbazisba!
INFO:__main__:0.242616206407547 Feltoltve az adatbazisba!
INFO:__main__:0.24248270690441132 Feltoltve az adatbazisba!
INFO:__main__:-0.008047224022448063 Feltoltve az adatbazisba!
INFO:__main__:49.9953727722168 Feltoltve az adatbazisba!
INFO:__main__:1.3577855686183571e-36 Feltoltve az adatbazisba!
INFO:__main__:9 Feltoltve az adatbazisba!
INFO:__main__:9 Feltoltve az adatbazisba!
INFO:__main__:226 Feltoltve az adatbazisba!
INFO:__main__:-------------------------------------------------
INFO:__main__:-------------------------------------------------
INFO:__main__:Az olvasas es feltoltes befejezodott, 1 perc varakozas!
INFO:__main__:Az olvasas megkezdodott!
INFO:__main__:-------------------------------------------------
INFO:__main__:3028A register olvasasa sikeres, Erteke:238.1100311279297
INFO:__main__:3030A register olvasasa sikeres, Erteke:0
INFO:__main__:3032A register olvasasa sikeres, Erteke:0
INFO:__main__:3000A register olvasasa sikeres, Erteke:1.0157572031021118
INFO:__main__:3002A register olvasasa sikeres, Erteke:0
INFO:__main__:3004A register olvasasa sikeres, Erteke:0
INFO:__main__:3076A register olvasasa sikeres, Erteke:0.2418619841337204
INFO:__main__:3060A register olvasasa sikeres, Erteke:0.24171718955039978
INFO:__main__:3068A register olvasasa sikeres, Erteke:-0.008367533795535564
INFO:__main__:3110A register olvasasa sikeres, Erteke:49.97477722167969
INFO:__main__:3196A register olvasasa sikeres, Erteke:1.3577855686183571e-36
INFO:__main__:3240A register olvasasa sikeres, Erteke:9
INFO:__main__:3208A register olvasasa sikeres, Erteke:9
INFO:__main__:3224A register olvasasa sikeres, Erteke:226
INFO:__main__:-------------------------------------------------
INFO:__main__:238.1100311279297 Feltoltve az adatbazisba!
INFO:__main__:0 Feltoltve az adatbazisba!
INFO:__main__:0 Feltoltve az adatbazisba!
INFO:__main__:1.0157572031021118 Feltoltve az adatbazisba!
INFO:__main__:0 Feltoltve az adatbazisba!
INFO:__main__:0 Feltoltve az adatbazisba!
INFO:__main__:0.2418619841337204 Feltoltve az adatbazisba!
INFO:__main__:0.24171718955039978 Feltoltve az adatbazisba!
INFO:__main__:-0.008367533795535564 Feltoltve az adatbazisba!
INFO:__main__:49.97477722167969 Feltoltve az adatbazisba!
INFO:__main__:1.3577855686183571e-36 Feltoltve az adatbazisba!
INFO:__main__:9 Feltoltve az adatbazisba!
INFO:__main__:9 Feltoltve az adatbazisba!
INFO:__main__:226 Feltoltve az adatbazisba!
INFO:__main__:-------------------------------------------------
INFO:__main__:-------------------------------------------------
INFO:__main__:Az olvasas es feltoltes befejezodott, 1 perc varakozas!
INFO:__main__:Az olvasas megkezdodott!
INFO:__main__:-------------------------------------------------
INFO:__main__:3028A register olvasasa sikeres, Erteke:237.9139862060547
INFO:__main__:3030A register olvasasa sikeres, Erteke:0
INFO:__main__:3032A register olvasasa sikeres, Erteke:0
INFO:__main__:3000A register olvasasa sikeres, Erteke:1.015856385231018
INFO:__main__:3002A register olvasasa sikeres, Erteke:0
INFO:__main__:3004A register olvasasa sikeres, Erteke:0
INFO:__main__:3076A register olvasasa sikeres, Erteke:0.24168644845485687
INFO:__main__:3060A register olvasasa sikeres, Erteke:0.2415502518415451
INFO:__main__:3068A register olvasasa sikeres, Erteke:-0.008112731389701366
INFO:__main__:3110A register olvasasa sikeres, Erteke:50.003150939941406
INFO:__main__:3196A register olvasasa sikeres, Erteke:1.3577855686183571e-36
INFO:__main__:3240A register olvasasa sikeres, Erteke:9
INFO:__main__:3208A register olvasasa sikeres, Erteke:9
INFO:__main__:3224A register olvasasa sikeres, Erteke:226
INFO:__main__:-------------------------------------------------
INFO:__main__:237.9139862060547 Feltoltve az adatbazisba!
INFO:__main__:0 Feltoltve az adatbazisba!
INFO:__main__:0 Feltoltve az adatbazisba!
INFO:__main__:1.015856385231018 Feltoltve az adatbazisba!
INFO:__main__:0 Feltoltve az adatbazisba!
INFO:__main__:0 Feltoltve az adatbazisba!
INFO:__main__:0.24168644845485687 Feltoltve az adatbazisba!
INFO:__main__:0.2415502518415451 Feltoltve az adatbazisba!
INFO:__main__:-0.008112731389701366 Feltoltve az adatbazisba!
INFO:__main__:50.003150939941406 Feltoltve az adatbazisba!
INFO:__main__:1.3577855686183571e-36 Feltoltve az adatbazisba!
INFO:__main__:9 Feltoltve az adatbazisba!
INFO:__main__:9 Feltoltve az adatbazisba!
INFO:__main__:226 Feltoltve az adatbazisba!
INFO:__main__:-------------------------------------------------
INFO:__main__:-------------------------------------------------
INFO:__main__:Az olvasas es feltoltes befejezodott, 1 perc varakozas!
INFO:__main__:Az olvasas megkezdodott!
INFO:__main__:-------------------------------------------------
INFO:__main__:3028A register olvasasa sikeres, Erteke:237.56675720214844
INFO:__main__:3030A register olvasasa sikeres, Erteke:0
INFO:__main__:3032A register olvasasa sikeres, Erteke:0
INFO:__main__:3000A register olvasasa sikeres, Erteke:1.0153101682662964
INFO:__main__:3002A register olvasasa sikeres, Erteke:0
INFO:__main__:3004A register olvasasa sikeres, Erteke:0
INFO:__main__:3076A register olvasasa sikeres, Erteke:0.24120394885540009
INFO:__main__:3060A register olvasasa sikeres, Erteke:0.24107031524181366
INFO:__main__:3068A register olvasasa sikeres, Erteke:-0.008028027601540089
INFO:__main__:3110A register olvasasa sikeres, Erteke:49.985511779785156
INFO:__main__:3196A register olvasasa sikeres, Erteke:1.3577855686183571e-36
INFO:__main__:3240A register olvasasa sikeres, Erteke:9
INFO:__main__:3208A register olvasasa sikeres, Erteke:9
INFO:__main__:3224A register olvasasa sikeres, Erteke:227
INFO:__main__:-------------------------------------------------
INFO:__main__:237.56675720214844 Feltoltve az adatbazisba!
INFO:__main__:0 Feltoltve az adatbazisba!
INFO:__main__:0 Feltoltve az adatbazisba!
INFO:__main__:1.0153101682662964 Feltoltve az adatbazisba!
INFO:__main__:0 Feltoltve az adatbazisba!
INFO:__main__:0 Feltoltve az adatbazisba!
INFO:__main__:0.24120394885540009 Feltoltve az adatbazisba!
INFO:__main__:0.24107031524181366 Feltoltve az adatbazisba!
INFO:__main__:-0.008028027601540089 Feltoltve az adatbazisba!
INFO:__main__:49.985511779785156 Feltoltve az adatbazisba!
INFO:__main__:1.3577855686183571e-36 Feltoltve az adatbazisba!
INFO:__main__:9 Feltoltve az adatbazisba!
INFO:__main__:9 Feltoltve az adatbazisba!
INFO:__main__:227 Feltoltve az adatbazisba!
INFO:__main__:-------------------------------------------------
INFO:__main__:-------------------------------------------------
INFO:__main__:Az olvasas es feltoltes befejezodott, 1 perc varakozas!
INFO:__main__:Az olvasas megkezdodott!
INFO:__main__:-------------------------------------------------
INFO:__main__:3028A register olvasasa sikeres, Erteke:236.9007568359375
INFO:__main__:3030A register olvasasa sikeres, Erteke:0
INFO:__main__:3032A register olvasasa sikeres, Erteke:0
INFO:__main__:3000A register olvasasa sikeres, Erteke:1.0136245489120483
INFO:__main__:3002A register olvasasa sikeres, Erteke:0
INFO:__main__:3004A register olvasasa sikeres, Erteke:0
INFO:__main__:3076A register olvasasa sikeres, Erteke:0.24012841284275055
INFO:__main__:3060A register olvasasa sikeres, Erteke:0.2399979829788208
INFO:__main__:3068A register olvasasa sikeres, Erteke:-0.007913349196314812
INFO:__main__:3110A register olvasasa sikeres, Erteke:49.9937744140625
INFO:__main__:3196A register olvasasa sikeres, Erteke:1.3577855686183571e-36
INFO:__main__:3240A register olvasasa sikeres, Erteke:9
INFO:__main__:3208A register olvasasa sikeres, Erteke:9
INFO:__main__:3224A register olvasasa sikeres, Erteke:227
INFO:__main__:-------------------------------------------------
INFO:__main__:236.9007568359375 Feltoltve az adatbazisba!
INFO:__main__:0 Feltoltve az adatbazisba!
INFO:__main__:0 Feltoltve az adatbazisba!
INFO:__main__:1.0136245489120483 Feltoltve az adatbazisba!
INFO:__main__:0 Feltoltve az adatbazisba!
INFO:__main__:0 Feltoltve az adatbazisba!
INFO:__main__:0.24012841284275055 Feltoltve az adatbazisba!
INFO:__main__:0.2399979829788208 Feltoltve az adatbazisba!
INFO:__main__:-0.007913349196314812 Feltoltve az adatbazisba!
INFO:__main__:49.9937744140625 Feltoltve az adatbazisba!
INFO:__main__:1.3577855686183571e-36 Feltoltve az adatbazisba!
INFO:__main__:9 Feltoltve az adatbazisba!
INFO:__main__:9 Feltoltve az adatbazisba!
INFO:__main__:227 Feltoltve az adatbazisba!
INFO:__main__:-------------------------------------------------
INFO:__main__:-------------------------------------------------
INFO:__main__:Az olvasas es feltoltes befejezodott, 1 perc varakozas!
INFO:__main__:Az olvasas megkezdodott!
INFO:__main__:-------------------------------------------------
INFO:__main__:3028A register olvasasa sikeres, Erteke:237.66049194335938
INFO:__main__:3030A register olvasasa sikeres, Erteke:0
INFO:__main__:3032A register olvasasa sikeres, Erteke:0
INFO:__main__:3000A register olvasasa sikeres, Erteke:1.0147063732147217
INFO:__main__:3002A register olvasasa sikeres, Erteke:0
INFO:__main__:3004A register olvasasa sikeres, Erteke:0
INFO:__main__:3076A register olvasasa sikeres, Erteke:0.24115560948848724
INFO:__main__:3060A register olvasasa sikeres, Erteke:0.2410190999507904
INFO:__main__:3068A register olvasasa sikeres, Erteke:-0.008112972602248192
INFO:__main__:3110A register olvasasa sikeres, Erteke:49.98335266113281
INFO:__main__:3196A register olvasasa sikeres, Erteke:1.3577855686183571e-36
INFO:__main__:3240A register olvasasa sikeres, Erteke:9
INFO:__main__:3208A register olvasasa sikeres, Erteke:9
INFO:__main__:3224A register olvasasa sikeres, Erteke:227
INFO:__main__:-------------------------------------------------
INFO:__main__:237.66049194335938 Feltoltve az adatbazisba!
INFO:__main__:0 Feltoltve az adatbazisba!
INFO:__main__:0 Feltoltve az adatbazisba!
INFO:__main__:1.0147063732147217 Feltoltve az adatbazisba!
INFO:__main__:0 Feltoltve az adatbazisba!
INFO:__main__:0 Feltoltve az adatbazisba!
INFO:__main__:0.24115560948848724 Feltoltve az adatbazisba!
INFO:__main__:0.2410190999507904 Feltoltve az adatbazisba!
INFO:__main__:-0.008112972602248192 Feltoltve az adatbazisba!
INFO:__main__:49.98335266113281 Feltoltve az adatbazisba!
INFO:__main__:1.3577855686183571e-36 Feltoltve az adatbazisba!
INFO:__main__:9 Feltoltve az adatbazisba!
INFO:__main__:9 Feltoltve az adatbazisba!
INFO:__main__:227 Feltoltve az adatbazisba!
INFO:__main__:-------------------------------------------------
INFO:__main__:-------------------------------------------------
INFO:__main__:Az olvasas es feltoltes befejezodott, 1 perc varakozas!
INFO:__main__:Az olvasas megkezdodott!
INFO:__main__:-------------------------------------------------
INFO:__main__:3028A register olvasasa sikeres, Erteke:238.19705200195312
INFO:__main__:3030A register olvasasa sikeres, Erteke:0
INFO:__main__:3032A register olvasasa sikeres, Erteke:0
INFO:__main__:3000A register olvasasa sikeres, Erteke:1.016548752784729
INFO:__main__:3002A register olvasasa sikeres, Erteke:0
INFO:__main__:3004A register olvasasa sikeres, Erteke:0
INFO:__main__:3076A register olvasasa sikeres, Erteke:0.24213892221450806
INFO:__main__:3060A register olvasasa sikeres, Erteke:0.24200481176376343
INFO:__main__:3068A register olvasasa sikeres, Erteke:-0.008057652972638607
INFO:__main__:3110A register olvasasa sikeres, Erteke:49.99497985839844
INFO:__main__:3196A register olvasasa sikeres, Erteke:1.3577855686183571e-36
INFO:__main__:3240A register olvasasa sikeres, Erteke:9
INFO:__main__:3208A register olvasasa sikeres, Erteke:9
INFO:__main__:3224A register olvasasa sikeres, Erteke:227
INFO:__main__:-------------------------------------------------
INFO:__main__:238.19705200195312 Feltoltve az adatbazisba!
INFO:__main__:0 Feltoltve az adatbazisba!
INFO:__main__:0 Feltoltve az adatbazisba!
INFO:__main__:1.016548752784729 Feltoltve az adatbazisba!
INFO:__main__:0 Feltoltve az adatbazisba!
INFO:__main__:0 Feltoltve az adatbazisba!
INFO:__main__:0.24213892221450806 Feltoltve az adatbazisba!
INFO:__main__:0.24200481176376343 Feltoltve az adatbazisba!
INFO:__main__:-0.008057652972638607 Feltoltve az adatbazisba!
INFO:__main__:49.99497985839844 Feltoltve az adatbazisba!
INFO:__main__:1.3577855686183571e-36 Feltoltve az adatbazisba!
INFO:__main__:9 Feltoltve az adatbazisba!
INFO:__main__:9 Feltoltve az adatbazisba!
INFO:__main__:227 Feltoltve az adatbazisba!
INFO:__main__:-------------------------------------------------
INFO:__main__:-------------------------------------------------
INFO:__main__:Az olvasas es feltoltes befejezodott, 1 perc varakozas!
INFO:__main__:Az olvasas megkezdodott!
INFO:__main__:-------------------------------------------------
INFO:__main__:3028A register olvasasa sikeres, Erteke:238.83441162109375
INFO:__main__:3030A register olvasasa sikeres, Erteke:0
INFO:__main__:3032A register olvasasa sikeres, Erteke:0
INFO:__main__:3000A register olvasasa sikeres, Erteke:1.0179743766784668
INFO:__main__:3002A register olvasasa sikeres, Erteke:0
INFO:__main__:3004A register olvasasa sikeres, Erteke:0
INFO:__main__:3076A register olvasasa sikeres, Erteke:0.24312730133533478
INFO:__main__:3060A register olvasasa sikeres, Erteke:0.24299336969852448
INFO:__main__:3068A register olvasasa sikeres, Erteke:-0.008069279603660107
INFO:__main__:3110A register olvasasa sikeres, Erteke:49.985904693603516
INFO:__main__:3196A register olvasasa sikeres, Erteke:1.3577855686183571e-36
INFO:__main__:3240A register olvasasa sikeres, Erteke:9
INFO:__main__:3208A register olvasasa sikeres, Erteke:9
INFO:__main__:3224A register olvasasa sikeres, Erteke:227
INFO:__main__:-------------------------------------------------
INFO:__main__:238.83441162109375 Feltoltve az adatbazisba!
INFO:__main__:0 Feltoltve az adatbazisba!
INFO:__main__:0 Feltoltve az adatbazisba!
INFO:__main__:1.0179743766784668 Feltoltve az adatbazisba!
INFO:__main__:0 Feltoltve az adatbazisba!
INFO:__main__:0 Feltoltve az adatbazisba!
INFO:__main__:0.24312730133533478 Feltoltve az adatbazisba!
INFO:__main__:0.24299336969852448 Feltoltve az adatbazisba!
INFO:__main__:-0.008069279603660107 Feltoltve az adatbazisba!
INFO:__main__:49.985904693603516 Feltoltve az adatbazisba!
INFO:__main__:1.3577855686183571e-36 Feltoltve az adatbazisba!
INFO:__main__:9 Feltoltve az adatbazisba!
INFO:__main__:9 Feltoltve az adatbazisba!
INFO:__main__:227 Feltoltve az adatbazisba!
INFO:__main__:-------------------------------------------------
INFO:__main__:-------------------------------------------------
INFO:__main__:Az olvasas es feltoltes befejezodott, 1 perc varakozas!
INFO:__main__:Az olvasas megkezdodott!
INFO:__main__:-------------------------------------------------
INFO:__main__:3028A register olvasasa sikeres, Erteke:238.99993896484375
INFO:__main__:3030A register olvasasa sikeres, Erteke:0
INFO:__main__:3032A register olvasasa sikeres, Erteke:0
INFO:__main__:3000A register olvasasa sikeres, Erteke:1.017966866493225
INFO:__main__:3002A register olvasasa sikeres, Erteke:0
INFO:__main__:3004A register olvasasa sikeres, Erteke:0
INFO:__main__:3076A register olvasasa sikeres, Erteke:0.24329401552677155
INFO:__main__:3060A register olvasasa sikeres, Erteke:0.24315395951271057
INFO:__main__:3068A register olvasasa sikeres, Erteke:-0.008254259824752808
INFO:__main__:3110A register olvasasa sikeres, Erteke:49.99570846557617
INFO:__main__:3196A register olvasasa sikeres, Erteke:1.3577855686183571e-36
INFO:__main__:3240A register olvasasa sikeres, Erteke:9
INFO:__main__:3208A register olvasasa sikeres, Erteke:9
INFO:__main__:3224A register olvasasa sikeres, Erteke:227
INFO:__main__:-------------------------------------------------
INFO:__main__:238.99993896484375 Feltoltve az adatbazisba!
INFO:__main__:0 Feltoltve az adatbazisba!
INFO:__main__:0 Feltoltve az adatbazisba!
INFO:__main__:1.017966866493225 Feltoltve az adatbazisba!
INFO:__main__:0 Feltoltve az adatbazisba!
INFO:__main__:0 Feltoltve az adatbazisba!
INFO:__main__:0.24329401552677155 Feltoltve az adatbazisba!
INFO:__main__:0.24315395951271057 Feltoltve az adatbazisba!
INFO:__main__:-0.008254259824752808 Feltoltve az adatbazisba!
INFO:__main__:49.99570846557617 Feltoltve az adatbazisba!
INFO:__main__:1.3577855686183571e-36 Feltoltve az adatbazisba!
INFO:__main__:9 Feltoltve az adatbazisba!
INFO:__main__:9 Feltoltve az adatbazisba!
INFO:__main__:227 Feltoltve az adatbazisba!
INFO:__main__:-------------------------------------------------
INFO:__main__:-------------------------------------------------
INFO:__main__:Az olvasas es feltoltes befejezodott, 1 perc varakozas!
INFO:__main__:Az olvasas megkezdodott!
INFO:__main__:-------------------------------------------------
INFO:__main__:3028A register olvasasa sikeres, Erteke:238.81341552734375
INFO:__main__:3030A register olvasasa sikeres, Erteke:0
INFO:__main__:3032A register olvasasa sikeres, Erteke:0
INFO:__main__:3000A register olvasasa sikeres, Erteke:1.0177042484283447
INFO:__main__:3002A register olvasasa sikeres, Erteke:0
INFO:__main__:3004A register olvasasa sikeres, Erteke:0
INFO:__main__:3076A register olvasasa sikeres, Erteke:0.24304142594337463
INFO:__main__:3060A register olvasasa sikeres, Erteke:0.2429044246673584
INFO:__main__:3068A register olvasasa sikeres, Erteke:-0.008159542456269264
INFO:__main__:3110A register olvasasa sikeres, Erteke:49.995296478271484
INFO:__main__:3196A register olvasasa sikeres, Erteke:1.3577855686183571e-36
INFO:__main__:3240A register olvasasa sikeres, Erteke:9
INFO:__main__:3208A register olvasasa sikeres, Erteke:9
INFO:__main__:3224A register olvasasa sikeres, Erteke:227
INFO:__main__:-------------------------------------------------
INFO:__main__:238.81341552734375 Feltoltve az adatbazisba!
INFO:__main__:0 Feltoltve az adatbazisba!
INFO:__main__:0 Feltoltve az adatbazisba!
INFO:__main__:1.0177042484283447 Feltoltve az adatbazisba!
INFO:__main__:0 Feltoltve az adatbazisba!
INFO:__main__:0 Feltoltve az adatbazisba!
INFO:__main__:0.24304142594337463 Feltoltve az adatbazisba!
INFO:__main__:0.2429044246673584 Feltoltve az adatbazisba!
INFO:__main__:-0.008159542456269264 Feltoltve az adatbazisba!
INFO:__main__:49.995296478271484 Feltoltve az adatbazisba!
INFO:__main__:1.3577855686183571e-36 Feltoltve az adatbazisba!
INFO:__main__:9 Feltoltve az adatbazisba!
INFO:__main__:9 Feltoltve az adatbazisba!
INFO:__main__:227 Feltoltve az adatbazisba!
INFO:__main__:-------------------------------------------------
INFO:__main__:-------------------------------------------------
INFO:__main__:Az olvasas es feltoltes befejezodott, 1 perc varakozas!
INFO:__main__:Az olvasas megkezdodott!
INFO:__main__:-------------------------------------------------
INFO:__main__:3028A register olvasasa sikeres, Erteke:238.45455932617188
INFO:__main__:3030A register olvasasa sikeres, Erteke:0
INFO:__main__:3032A register olvasasa sikeres, Erteke:0
INFO:__main__:3000A register olvasasa sikeres, Erteke:1.0168663263320923
INFO:__main__:3002A register olvasasa sikeres, Erteke:0
INFO:__main__:3004A register olvasasa sikeres, Erteke:0
INFO:__main__:3076A register olvasasa sikeres, Erteke:0.24247640371322632
INFO:__main__:3060A register olvasasa sikeres, Erteke:0.2423359900712967
INFO:__main__:3068A register olvasasa sikeres, Erteke:-0.0082509471103549
INFO:__main__:3110A register olvasasa sikeres, Erteke:49.99335479736328
INFO:__main__:3196A register olvasasa sikeres, Erteke:1.3577855686183571e-36
INFO:__main__:3240A register olvasasa sikeres, Erteke:9
INFO:__main__:3208A register olvasasa sikeres, Erteke:9
INFO:__main__:3224A register olvasasa sikeres, Erteke:228
INFO:__main__:-------------------------------------------------
INFO:__main__:238.45455932617188 Feltoltve az adatbazisba!
INFO:__main__:0 Feltoltve az adatbazisba!
INFO:__main__:0 Feltoltve az adatbazisba!
INFO:__main__:1.0168663263320923 Feltoltve az adatbazisba!
INFO:__main__:0 Feltoltve az adatbazisba!
INFO:__main__:0 Feltoltve az adatbazisba!
INFO:__main__:0.24247640371322632 Feltoltve az adatbazisba!
INFO:__main__:0.2423359900712967 Feltoltve az adatbazisba!
INFO:__main__:-0.0082509471103549 Feltoltve az adatbazisba!
INFO:__main__:49.99335479736328 Feltoltve az adatbazisba!
INFO:__main__:1.3577855686183571e-36 Feltoltve az adatbazisba!
INFO:__main__:9 Feltoltve az adatbazisba!
INFO:__main__:9 Feltoltve az adatbazisba!
INFO:__main__:228 Feltoltve az adatbazisba!
INFO:__main__:-------------------------------------------------
INFO:__main__:-------------------------------------------------
INFO:__main__:Az olvasas es feltoltes befejezodott, 1 perc varakozas!
INFO:__main__:Az olvasas megkezdodott!
INFO:__main__:-------------------------------------------------
INFO:__main__:3028A register olvasasa sikeres, Erteke:238.0387420654297
INFO:__main__:3030A register olvasasa sikeres, Erteke:0
INFO:__main__:3032A register olvasasa sikeres, Erteke:0
INFO:__main__:3000A register olvasasa sikeres, Erteke:1.0158838033676147
INFO:__main__:3002A register olvasasa sikeres, Erteke:0
INFO:__main__:3004A register olvasasa sikeres, Erteke:0
INFO:__main__:3076A register olvasasa sikeres, Erteke:0.24181970953941345
INFO:__main__:3060A register olvasasa sikeres, Erteke:0.24168641865253448
INFO:__main__:3068A register olvasasa sikeres, Erteke:-0.008042368106544018
INFO:__main__:3110A register olvasasa sikeres, Erteke:50.02168273925781
INFO:__main__:3196A register olvasasa sikeres, Erteke:1.3577855686183571e-36
INFO:__main__:3240A register olvasasa sikeres, Erteke:9
INFO:__main__:3208A register olvasasa sikeres, Erteke:9
INFO:__main__:3224A register olvasasa sikeres, Erteke:228
INFO:__main__:-------------------------------------------------
INFO:__main__:238.0387420654297 Feltoltve az adatbazisba!
INFO:__main__:0 Feltoltve az adatbazisba!
INFO:__main__:0 Feltoltve az adatbazisba!
INFO:__main__:1.0158838033676147 Feltoltve az adatbazisba!
INFO:__main__:0 Feltoltve az adatbazisba!
INFO:__main__:0 Feltoltve az adatbazisba!
INFO:__main__:0.24181970953941345 Feltoltve az adatbazisba!
INFO:__main__:0.24168641865253448 Feltoltve az adatbazisba!
INFO:__main__:-0.008042368106544018 Feltoltve az adatbazisba!
INFO:__main__:50.02168273925781 Feltoltve az adatbazisba!
INFO:__main__:1.3577855686183571e-36 Feltoltve az adatbazisba!
INFO:__main__:9 Feltoltve az adatbazisba!
INFO:__main__:9 Feltoltve az adatbazisba!
INFO:__main__:228 Feltoltve az adatbazisba!
INFO:__main__:-------------------------------------------------
INFO:__main__:-------------------------------------------------
INFO:__main__:Az olvasas es feltoltes befejezodott, 1 perc varakozas!
INFO:__main__:Az olvasas megkezdodott!
INFO:__main__:-------------------------------------------------
INFO:__main__:3028A register olvasasa sikeres, Erteke:239.22393798828125
INFO:__main__:3030A register olvasasa sikeres, Erteke:0
INFO:__main__:3032A register olvasasa sikeres, Erteke:0
INFO:__main__:3000A register olvasasa sikeres, Erteke:1.0188831090927124
INFO:__main__:3002A register olvasasa sikeres, Erteke:0
INFO:__main__:3004A register olvasasa sikeres, Erteke:0
INFO:__main__:3076A register olvasasa sikeres, Erteke:0.2437412291765213
INFO:__main__:3060A register olvasasa sikeres, Erteke:0.24360837042331696
INFO:__main__:3068A register olvasasa sikeres, Erteke:-0.008046738803386688
INFO:__main__:3110A register olvasasa sikeres, Erteke:50.022796630859375
INFO:__main__:3196A register olvasasa sikeres, Erteke:1.3577855686183571e-36
INFO:__main__:3240A register olvasasa sikeres, Erteke:9
INFO:__main__:3208A register olvasasa sikeres, Erteke:9
INFO:__main__:3224A register olvasasa sikeres, Erteke:228
INFO:__main__:-------------------------------------------------
INFO:__main__:239.22393798828125 Feltoltve az adatbazisba!
INFO:__main__:0 Feltoltve az adatbazisba!
INFO:__main__:0 Feltoltve az adatbazisba!
INFO:__main__:1.0188831090927124 Feltoltve az adatbazisba!
INFO:__main__:0 Feltoltve az adatbazisba!
INFO:__main__:0 Feltoltve az adatbazisba!
INFO:__main__:0.2437412291765213 Feltoltve az adatbazisba!
INFO:__main__:0.24360837042331696 Feltoltve az adatbazisba!
INFO:__main__:-0.008046738803386688 Feltoltve az adatbazisba!
INFO:__main__:50.022796630859375 Feltoltve az adatbazisba!
INFO:__main__:1.3577855686183571e-36 Feltoltve az adatbazisba!
INFO:__main__:9 Feltoltve az adatbazisba!
INFO:__main__:9 Feltoltve az adatbazisba!
INFO:__main__:228 Feltoltve az adatbazisba!
INFO:__main__:-------------------------------------------------
INFO:__main__:-------------------------------------------------
INFO:__main__:Az olvasas es feltoltes befejezodott, 1 perc varakozas!
INFO:__main__:Az olvasas megkezdodott!
INFO:__main__:-------------------------------------------------
INFO:__main__:3028A register olvasasa sikeres, Erteke:239.24716186523438
INFO:__main__:3030A register olvasasa sikeres, Erteke:0
INFO:__main__:3032A register olvasasa sikeres, Erteke:0
INFO:__main__:3000A register olvasasa sikeres, Erteke:1.0193012952804565
INFO:__main__:3002A register olvasasa sikeres, Erteke:0
INFO:__main__:3004A register olvasasa sikeres, Erteke:0
INFO:__main__:3076A register olvasasa sikeres, Erteke:0.24386493861675262
INFO:__main__:3060A register olvasasa sikeres, Erteke:0.24372467398643494
INFO:__main__:3068A register olvasasa sikeres, Erteke:-0.008270098827779293
INFO:__main__:3110A register olvasasa sikeres, Erteke:49.995887756347656
INFO:__main__:3196A register olvasasa sikeres, Erteke:1.3577855686183571e-36
INFO:__main__:3240A register olvasasa sikeres, Erteke:9
INFO:__main__:3208A register olvasasa sikeres, Erteke:9
INFO:__main__:3224A register olvasasa sikeres, Erteke:228
INFO:__main__:-------------------------------------------------
INFO:__main__:239.24716186523438 Feltoltve az adatbazisba!
INFO:__main__:0 Feltoltve az adatbazisba!
INFO:__main__:0 Feltoltve az adatbazisba!
INFO:__main__:1.0193012952804565 Feltoltve az adatbazisba!
INFO:__main__:0 Feltoltve az adatbazisba!
INFO:__main__:0 Feltoltve az adatbazisba!
INFO:__main__:0.24386493861675262 Feltoltve az adatbazisba!
INFO:__main__:0.24372467398643494 Feltoltve az adatbazisba!
INFO:__main__:-0.008270098827779293 Feltoltve az adatbazisba!
INFO:__main__:49.995887756347656 Feltoltve az adatbazisba!
INFO:__main__:1.3577855686183571e-36 Feltoltve az adatbazisba!
INFO:__main__:9 Feltoltve az adatbazisba!
INFO:__main__:9 Feltoltve az adatbazisba!
INFO:__main__:228 Feltoltve az adatbazisba!
INFO:__main__:-------------------------------------------------
INFO:__main__:-------------------------------------------------
INFO:__main__:Az olvasas es feltoltes befejezodott, 1 perc varakozas!
INFO:__main__:Az olvasas megkezdodott!
INFO:__main__:-------------------------------------------------
INFO:__main__:3028A register olvasasa sikeres, Erteke:238.74618530273438
INFO:__main__:3030A register olvasasa sikeres, Erteke:0
INFO:__main__:3032A register olvasasa sikeres, Erteke:0
INFO:__main__:3000A register olvasasa sikeres, Erteke:1.018184781074524
INFO:__main__:3002A register olvasasa sikeres, Erteke:0
INFO:__main__:3004A register olvasasa sikeres, Erteke:0
INFO:__main__:3076A register olvasasa sikeres, Erteke:0.2430877387523651
INFO:__main__:3060A register olvasasa sikeres, Erteke:0.24295136332511902
INFO:__main__:3068A register olvasasa sikeres, Erteke:-0.008141329512000084
INFO:__main__:3110A register olvasasa sikeres, Erteke:50.0097770690918
INFO:__main__:3196A register olvasasa sikeres, Erteke:1.3577855686183571e-36
INFO:__main__:3240A register olvasasa sikeres, Erteke:9
INFO:__main__:3208A register olvasasa sikeres, Erteke:9
INFO:__main__:3224A register olvasasa sikeres, Erteke:228
INFO:__main__:-------------------------------------------------
INFO:__main__:238.74618530273438 Feltoltve az adatbazisba!
INFO:__main__:0 Feltoltve az adatbazisba!
INFO:__main__:0 Feltoltve az adatbazisba!
INFO:__main__:1.018184781074524 Feltoltve az adatbazisba!
INFO:__main__:0 Feltoltve az adatbazisba!
INFO:__main__:0 Feltoltve az adatbazisba!
INFO:__main__:0.2430877387523651 Feltoltve az adatbazisba!
INFO:__main__:0.24295136332511902 Feltoltve az adatbazisba!
INFO:__main__:-0.008141329512000084 Feltoltve az adatbazisba!
INFO:__main__:50.0097770690918 Feltoltve az adatbazisba!
INFO:__main__:1.3577855686183571e-36 Feltoltve az adatbazisba!
INFO:__main__:9 Feltoltve az adatbazisba!
INFO:__main__:9 Feltoltve az adatbazisba!
INFO:__main__:228 Feltoltve az adatbazisba!
INFO:__main__:-------------------------------------------------
INFO:__main__:-------------------------------------------------
INFO:__main__:Az olvasas es feltoltes befejezodott, 1 perc varakozas!
INFO:__main__:Az olvasas megkezdodott!
INFO:__main__:-------------------------------------------------
INFO:__main__:3028A register olvasasa sikeres, Erteke:239.30763244628906
INFO:__main__:3030A register olvasasa sikeres, Erteke:0
INFO:__main__:3032A register olvasasa sikeres, Erteke:0
INFO:__main__:3000A register olvasasa sikeres, Erteke:1.0191057920455933
INFO:__main__:3002A register olvasasa sikeres, Erteke:0
INFO:__main__:3004A register olvasasa sikeres, Erteke:0
INFO:__main__:3076A register olvasasa sikeres, Erteke:0.2438797950744629
INFO:__main__:3060A register olvasasa sikeres, Erteke:0.2437499612569809
INFO:__main__:3068A register olvasasa sikeres, Erteke:-0.00795691553503275
INFO:__main__:3110A register olvasasa sikeres, Erteke:50.021888732910156
INFO:__main__:3196A register olvasasa sikeres, Erteke:1.3577855686183571e-36
INFO:__main__:3240A register olvasasa sikeres, Erteke:9
INFO:__main__:3208A register olvasasa sikeres, Erteke:9
INFO:__main__:3224A register olvasasa sikeres, Erteke:228
INFO:__main__:-------------------------------------------------
INFO:__main__:239.30763244628906 Feltoltve az adatbazisba!
INFO:__main__:0 Feltoltve az adatbazisba!
INFO:__main__:0 Feltoltve az adatbazisba!
INFO:__main__:1.0191057920455933 Feltoltve az adatbazisba!
INFO:__main__:0 Feltoltve az adatbazisba!
INFO:__main__:0 Feltoltve az adatbazisba!
INFO:__main__:0.2438797950744629 Feltoltve az adatbazisba!
INFO:__main__:0.2437499612569809 Feltoltve az adatbazisba!
INFO:__main__:-0.00795691553503275 Feltoltve az adatbazisba!
INFO:__main__:50.021888732910156 Feltoltve az adatbazisba!
INFO:__main__:1.3577855686183571e-36 Feltoltve az adatbazisba!
INFO:__main__:9 Feltoltve az adatbazisba!
INFO:__main__:9 Feltoltve az adatbazisba!
INFO:__main__:228 Feltoltve az adatbazisba!
INFO:__main__:-------------------------------------------------
INFO:__main__:-------------------------------------------------
INFO:__main__:Az olvasas es feltoltes befejezodott, 1 perc varakozas!
INFO:__main__:Az olvasas megkezdodott!
INFO:__main__:-------------------------------------------------
INFO:__main__:3028A register olvasasa sikeres, Erteke:239.4373321533203
INFO:__main__:3030A register olvasasa sikeres, Erteke:0
INFO:__main__:3032A register olvasasa sikeres, Erteke:0
INFO:__main__:3000A register olvasasa sikeres, Erteke:1.01902174949646
INFO:__main__:3002A register olvasasa sikeres, Erteke:0
INFO:__main__:3004A register olvasasa sikeres, Erteke:0
INFO:__main__:3076A register olvasasa sikeres, Erteke:0.24399185180664062
INFO:__main__:3060A register olvasasa sikeres, Erteke:0.2438553422689438
INFO:__main__:3068A register olvasasa sikeres, Erteke:-0.008160499855875969
INFO:__main__:3110A register olvasasa sikeres, Erteke:50.02449035644531
INFO:__main__:3196A register olvasasa sikeres, Erteke:1.3577855686183571e-36
INFO:__main__:3240A register olvasasa sikeres, Erteke:9
INFO:__main__:3208A register olvasasa sikeres, Erteke:9
INFO:__main__:3224A register olvasasa sikeres, Erteke:228
INFO:__main__:-------------------------------------------------
INFO:__main__:239.4373321533203 Feltoltve az adatbazisba!
INFO:__main__:0 Feltoltve az adatbazisba!
INFO:__main__:0 Feltoltve az adatbazisba!
INFO:__main__:1.01902174949646 Feltoltve az adatbazisba!
INFO:__main__:0 Feltoltve az adatbazisba!
INFO:__main__:0 Feltoltve az adatbazisba!
INFO:__main__:0.24399185180664062 Feltoltve az adatbazisba!
INFO:__main__:0.2438553422689438 Feltoltve az adatbazisba!
INFO:__main__:-0.008160499855875969 Feltoltve az adatbazisba!
INFO:__main__:50.02449035644531 Feltoltve az adatbazisba!
INFO:__main__:1.3577855686183571e-36 Feltoltve az adatbazisba!
INFO:__main__:9 Feltoltve az adatbazisba!
INFO:__main__:9 Feltoltve az adatbazisba!
INFO:__main__:228 Feltoltve az adatbazisba!
INFO:__main__:-------------------------------------------------
INFO:__main__:-------------------------------------------------
INFO:__main__:Az olvasas es feltoltes befejezodott, 1 perc varakozas!
INFO:__main__:Az olvasas megkezdodott!
INFO:__main__:-------------------------------------------------
INFO:__main__:3028A register olvasasa sikeres, Erteke:239.8087158203125
INFO:__main__:3030A register olvasasa sikeres, Erteke:0
INFO:__main__:3032A register olvasasa sikeres, Erteke:0
INFO:__main__:3000A register olvasasa sikeres, Erteke:1.0207105875015259
INFO:__main__:3002A register olvasasa sikeres, Erteke:0
INFO:__main__:3004A register olvasasa sikeres, Erteke:0
INFO:__main__:3076A register olvasasa sikeres, Erteke:0.24477529525756836
INFO:__main__:3060A register olvasasa sikeres, Erteke:0.24464493989944458
INFO:__main__:3068A register olvasasa sikeres, Erteke:-0.007987294346094131
INFO:__main__:3110A register olvasasa sikeres, Erteke:50.019203186035156
INFO:__main__:3196A register olvasasa sikeres, Erteke:1.3577855686183571e-36
INFO:__main__:3240A register olvasasa sikeres, Erteke:9
INFO:__main__:3208A register olvasasa sikeres, Erteke:9
INFO:__main__:3224A register olvasasa sikeres, Erteke:229
INFO:__main__:-------------------------------------------------
INFO:__main__:239.8087158203125 Feltoltve az adatbazisba!
INFO:__main__:0 Feltoltve az adatbazisba!
INFO:__main__:0 Feltoltve az adatbazisba!
INFO:__main__:1.0207105875015259 Feltoltve az adatbazisba!
INFO:__main__:0 Feltoltve az adatbazisba!
INFO:__main__:0 Feltoltve az adatbazisba!
INFO:__main__:0.24477529525756836 Feltoltve az adatbazisba!
INFO:__main__:0.24464493989944458 Feltoltve az adatbazisba!
INFO:__main__:-0.007987294346094131 Feltoltve az adatbazisba!
INFO:__main__:50.019203186035156 Feltoltve az adatbazisba!
INFO:__main__:1.3577855686183571e-36 Feltoltve az adatbazisba!
INFO:__main__:9 Feltoltve az adatbazisba!
INFO:__main__:9 Feltoltve az adatbazisba!
INFO:__main__:229 Feltoltve az adatbazisba!
INFO:__main__:-------------------------------------------------
INFO:__main__:-------------------------------------------------
INFO:__main__:Az olvasas es feltoltes befejezodott, 1 perc varakozas!
INFO:__main__:Az olvasas megkezdodott!
INFO:__main__:-------------------------------------------------
INFO:__main__:3028A register olvasasa sikeres, Erteke:239.6671600341797
INFO:__main__:3030A register olvasasa sikeres, Erteke:0
INFO:__main__:3032A register olvasasa sikeres, Erteke:0
INFO:__main__:3000A register olvasasa sikeres, Erteke:1.020335078239441
INFO:__main__:3002A register olvasasa sikeres, Erteke:0
INFO:__main__:3004A register olvasasa sikeres, Erteke:0
INFO:__main__:3076A register olvasasa sikeres, Erteke:0.24454081058502197
INFO:__main__:3060A register olvasasa sikeres, Erteke:0.24440094828605652
INFO:__main__:3068A register olvasasa sikeres, Erteke:-0.00826939009130001
INFO:__main__:3110A register olvasasa sikeres, Erteke:50.031829833984375
INFO:__main__:3196A register olvasasa sikeres, Erteke:1.3577855686183571e-36
INFO:__main__:3240A register olvasasa sikeres, Erteke:9
INFO:__main__:3208A register olvasasa sikeres, Erteke:9
INFO:__main__:3224A register olvasasa sikeres, Erteke:229
INFO:__main__:-------------------------------------------------
INFO:__main__:239.6671600341797 Feltoltve az adatbazisba!
INFO:__main__:0 Feltoltve az adatbazisba!
INFO:__main__:0 Feltoltve az adatbazisba!
INFO:__main__:1.020335078239441 Feltoltve az adatbazisba!
INFO:__main__:0 Feltoltve az adatbazisba!
INFO:__main__:0 Feltoltve az adatbazisba!
INFO:__main__:0.24454081058502197 Feltoltve az adatbazisba!
INFO:__main__:0.24440094828605652 Feltoltve az adatbazisba!
INFO:__main__:-0.00826939009130001 Feltoltve az adatbazisba!
INFO:__main__:50.031829833984375 Feltoltve az adatbazisba!
INFO:__main__:1.3577855686183571e-36 Feltoltve az adatbazisba!
INFO:__main__:9 Feltoltve az adatbazisba!
INFO:__main__:9 Feltoltve az adatbazisba!
INFO:__main__:229 Feltoltve az adatbazisba!
INFO:__main__:-------------------------------------------------
INFO:__main__:-------------------------------------------------
INFO:__main__:Az olvasas es feltoltes befejezodott, 1 perc varakozas!
INFO:__main__:Az olvasas megkezdodott!
INFO:__main__:-------------------------------------------------
INFO:__main__:3028A register olvasasa sikeres, Erteke:239.14999389648438
INFO:__main__:3030A register olvasasa sikeres, Erteke:0
INFO:__main__:3032A register olvasasa sikeres, Erteke:0
INFO:__main__:3000A register olvasasa sikeres, Erteke:1.0192296504974365
INFO:__main__:3002A register olvasasa sikeres, Erteke:0
INFO:__main__:3004A register olvasasa sikeres, Erteke:0
INFO:__main__:3076A register olvasasa sikeres, Erteke:0.2437487691640854
INFO:__main__:3060A register olvasasa sikeres, Erteke:0.24361425638198853
INFO:__main__:3068A register olvasasa sikeres, Erteke:-0.008096585050225258
INFO:__main__:3110A register olvasasa sikeres, Erteke:50.016475677490234
INFO:__main__:3196A register olvasasa sikeres, Erteke:1.3577855686183571e-36
INFO:__main__:3240A register olvasasa sikeres, Erteke:9
INFO:__main__:3208A register olvasasa sikeres, Erteke:9
INFO:__main__:3224A register olvasasa sikeres, Erteke:229
INFO:__main__:-------------------------------------------------
INFO:__main__:239.14999389648438 Feltoltve az adatbazisba!
INFO:__main__:0 Feltoltve az adatbazisba!
INFO:__main__:0 Feltoltve az adatbazisba!
INFO:__main__:1.0192296504974365 Feltoltve az adatbazisba!
INFO:__main__:0 Feltoltve az adatbazisba!
INFO:__main__:0 Feltoltve az adatbazisba!
INFO:__main__:0.2437487691640854 Feltoltve az adatbazisba!
INFO:__main__:0.24361425638198853 Feltoltve az adatbazisba!
INFO:__main__:-0.008096585050225258 Feltoltve az adatbazisba!
INFO:__main__:50.016475677490234 Feltoltve az adatbazisba!
INFO:__main__:1.3577855686183571e-36 Feltoltve az adatbazisba!
INFO:__main__:9 Feltoltve az adatbazisba!
INFO:__main__:9 Feltoltve az adatbazisba!
INFO:__main__:229 Feltoltve az adatbazisba!
INFO:__main__:-------------------------------------------------
INFO:__main__:-------------------------------------------------
INFO:__main__:Az olvasas es feltoltes befejezodott, 1 perc varakozas!
INFO:__main__:Az olvasas megkezdodott!
INFO:__main__:-------------------------------------------------
INFO:__main__:3028A register olvasasa sikeres, Erteke:238.7141571044922
INFO:__main__:3030A register olvasasa sikeres, Erteke:0
INFO:__main__:3032A register olvasasa sikeres, Erteke:0
INFO:__main__:3000A register olvasasa sikeres, Erteke:1.0178306102752686
INFO:__main__:3002A register olvasasa sikeres, Erteke:0
INFO:__main__:3004A register olvasasa sikeres, Erteke:0
INFO:__main__:3076A register olvasasa sikeres, Erteke:0.24297058582305908
INFO:__main__:3060A register olvasasa sikeres, Erteke:0.24283581972122192
INFO:__main__:3068A register olvasasa sikeres, Erteke:-0.00809127651154995
INFO:__main__:3110A register olvasasa sikeres, Erteke:50.0141716003418
INFO:__main__:3196A register olvasasa sikeres, Erteke:1.3577855686183571e-36
INFO:__main__:3240A register olvasasa sikeres, Erteke:9
INFO:__main__:3208A register olvasasa sikeres, Erteke:9
INFO:__main__:3224A register olvasasa sikeres, Erteke:229
INFO:__main__:-------------------------------------------------
INFO:__main__:238.7141571044922 Feltoltve az adatbazisba!
INFO:__main__:0 Feltoltve az adatbazisba!
INFO:__main__:0 Feltoltve az adatbazisba!
INFO:__main__:1.0178306102752686 Feltoltve az adatbazisba!
INFO:__main__:0 Feltoltve az adatbazisba!
INFO:__main__:0 Feltoltve az adatbazisba!
INFO:__main__:0.24297058582305908 Feltoltve az adatbazisba!
INFO:__main__:0.24283581972122192 Feltoltve az adatbazisba!
INFO:__main__:-0.00809127651154995 Feltoltve az adatbazisba!
INFO:__main__:50.0141716003418 Feltoltve az adatbazisba!
INFO:__main__:1.3577855686183571e-36 Feltoltve az adatbazisba!
INFO:__main__:9 Feltoltve az adatbazisba!
INFO:__main__:9 Feltoltve az adatbazisba!
INFO:__main__:229 Feltoltve az adatbazisba!
INFO:__main__:-------------------------------------------------
INFO:__main__:-------------------------------------------------
INFO:__main__:Az olvasas es feltoltes befejezodott, 1 perc varakozas!
INFO:__main__:Az olvasas megkezdodott!
INFO:__main__:-------------------------------------------------
INFO:__main__:3028A register olvasasa sikeres, Erteke:238.59671020507812
INFO:__main__:3030A register olvasasa sikeres, Erteke:0
INFO:__main__:3032A register olvasasa sikeres, Erteke:0
INFO:__main__:3000A register olvasasa sikeres, Erteke:1.0171366930007935
INFO:__main__:3002A register olvasasa sikeres, Erteke:0
INFO:__main__:3004A register olvasasa sikeres, Erteke:0
INFO:__main__:3076A register olvasasa sikeres, Erteke:0.242685467004776
INFO:__main__:3060A register olvasasa sikeres, Erteke:0.2425462007522583
INFO:__main__:3068A register olvasasa sikeres, Erteke:-0.008220591582357883
INFO:__main__:3110A register olvasasa sikeres, Erteke:50.006996154785156
INFO:__main__:3196A register olvasasa sikeres, Erteke:1.3577855686183571e-36
INFO:__main__:3240A register olvasasa sikeres, Erteke:9
INFO:__main__:3208A register olvasasa sikeres, Erteke:9
INFO:__main__:3224A register olvasasa sikeres, Erteke:229
INFO:__main__:-------------------------------------------------
INFO:__main__:238.59671020507812 Feltoltve az adatbazisba!
INFO:__main__:0 Feltoltve az adatbazisba!
INFO:__main__:0 Feltoltve az adatbazisba!
INFO:__main__:1.0171366930007935 Feltoltve az adatbazisba!
INFO:__main__:0 Feltoltve az adatbazisba!
INFO:__main__:0 Feltoltve az adatbazisba!
INFO:__main__:0.242685467004776 Feltoltve az adatbazisba!
INFO:__main__:0.2425462007522583 Feltoltve az adatbazisba!
INFO:__main__:-0.008220591582357883 Feltoltve az adatbazisba!
INFO:__main__:50.006996154785156 Feltoltve az adatbazisba!
INFO:__main__:1.3577855686183571e-36 Feltoltve az adatbazisba!
INFO:__main__:9 Feltoltve az adatbazisba!
INFO:__main__:9 Feltoltve az adatbazisba!
INFO:__main__:229 Feltoltve az adatbazisba!
INFO:__main__:-------------------------------------------------
INFO:__main__:-------------------------------------------------
INFO:__main__:Az olvasas es feltoltes befejezodott, 1 perc varakozas!
INFO:__main__:Az olvasas megkezdodott!
INFO:__main__:-------------------------------------------------
INFO:__main__:3028A register olvasasa sikeres, Erteke:238.1028594970703
INFO:__main__:3030A register olvasasa sikeres, Erteke:0
INFO:__main__:3032A register olvasasa sikeres, Erteke:0
INFO:__main__:3000A register olvasasa sikeres, Erteke:1.01613187789917
INFO:__main__:3002A register olvasasa sikeres, Erteke:0
INFO:__main__:3004A register olvasasa sikeres, Erteke:0
INFO:__main__:3076A register olvasasa sikeres, Erteke:0.24194391071796417
INFO:__main__:3060A register olvasasa sikeres, Erteke:0.24180914461612701
INFO:__main__:3068A register olvasasa sikeres, Erteke:-0.008074361830949783
INFO:__main__:3110A register olvasasa sikeres, Erteke:50.018226623535156
INFO:__main__:3196A register olvasasa sikeres, Erteke:1.3577855686183571e-36
INFO:__main__:3240A register olvasasa sikeres, Erteke:9
INFO:__main__:3208A register olvasasa sikeres, Erteke:9
INFO:__main__:3224A register olvasasa sikeres, Erteke:229
INFO:__main__:-------------------------------------------------
INFO:__main__:238.1028594970703 Feltoltve az adatbazisba!
INFO:__main__:0 Feltoltve az adatbazisba!
INFO:__main__:0 Feltoltve az adatbazisba!
INFO:__main__:1.01613187789917 Feltoltve az adatbazisba!
INFO:__main__:0 Feltoltve az adatbazisba!
INFO:__main__:0 Feltoltve az adatbazisba!
INFO:__main__:0.24194391071796417 Feltoltve az adatbazisba!
INFO:__main__:0.24180914461612701 Feltoltve az adatbazisba!
INFO:__main__:-0.008074361830949783 Feltoltve az adatbazisba!
INFO:__main__:50.018226623535156 Feltoltve az adatbazisba!
INFO:__main__:1.3577855686183571e-36 Feltoltve az adatbazisba!
INFO:__main__:9 Feltoltve az adatbazisba!
INFO:__main__:9 Feltoltve az adatbazisba!
INFO:__main__:229 Feltoltve az adatbazisba!
INFO:__main__:-------------------------------------------------
INFO:__main__:-------------------------------------------------
INFO:__main__:Az olvasas es feltoltes befejezodott, 1 perc varakozas!
INFO:__main__:Az olvasas megkezdodott!
INFO:__main__:-------------------------------------------------
INFO:__main__:3028A register olvasasa sikeres, Erteke:239.35623168945312
INFO:__main__:3030A register olvasasa sikeres, Erteke:0
INFO:__main__:3032A register olvasasa sikeres, Erteke:0
INFO:__main__:3000A register olvasasa sikeres, Erteke:0.0
INFO:__main__:3002A register olvasasa sikeres, Erteke:0
INFO:__main__:3004A register olvasasa sikeres, Erteke:0
INFO:__main__:3076A register olvasasa sikeres, Erteke:0.0
INFO:__main__:3060A register olvasasa sikeres, Erteke:0.0
INFO:__main__:3068A register olvasasa sikeres, Erteke:0.0
INFO:__main__:3110A register olvasasa sikeres, Erteke:49.99937438964844
INFO:__main__:3196A register olvasasa sikeres, Erteke:-4.591774807899561e-41
INFO:__main__:3240A register olvasasa sikeres, Erteke:9
INFO:__main__:3208A register olvasasa sikeres, Erteke:9
INFO:__main__:3224A register olvasasa sikeres, Erteke:229
INFO:__main__:-------------------------------------------------
INFO:__main__:239.35623168945312 Feltoltve az adatbazisba!
INFO:__main__:0 Feltoltve az adatbazisba!
INFO:__main__:0 Feltoltve az adatbazisba!
INFO:__main__:0.0 Feltoltve az adatbazisba!
INFO:__main__:0 Feltoltve az adatbazisba!
INFO:__main__:0 Feltoltve az adatbazisba!
INFO:__main__:0.0 Feltoltve az adatbazisba!
INFO:__main__:0.0 Feltoltve az adatbazisba!
INFO:__main__:0.0 Feltoltve az adatbazisba!
INFO:__main__:49.99937438964844 Feltoltve az adatbazisba!
INFO:__main__:-4.591774807899561e-41 Feltoltve az adatbazisba!
INFO:__main__:9 Feltoltve az adatbazisba!
INFO:__main__:9 Feltoltve az adatbazisba!
INFO:__main__:229 Feltoltve az adatbazisba!
INFO:__main__:-------------------------------------------------
INFO:__main__:-------------------------------------------------
INFO:__main__:Az olvasas es feltoltes befejezodott, 1 perc varakozas!
INFO:__main__:Az olvasas megkezdodott!
INFO:__main__:-------------------------------------------------
INFO:__main__:3028A register olvasasa sikeres, Erteke:238.83807373046875
INFO:__main__:3030A register olvasasa sikeres, Erteke:0
INFO:__main__:3032A register olvasasa sikeres, Erteke:0
INFO:__main__:3000A register olvasasa sikeres, Erteke:0.0
INFO:__main__:3002A register olvasasa sikeres, Erteke:0
INFO:__main__:3004A register olvasasa sikeres, Erteke:0
INFO:__main__:3076A register olvasasa sikeres, Erteke:0.0
INFO:__main__:3060A register olvasasa sikeres, Erteke:0.0
INFO:__main__:3068A register olvasasa sikeres, Erteke:0.0
INFO:__main__:3110A register olvasasa sikeres, Erteke:50.009559631347656
INFO:__main__:3196A register olvasasa sikeres, Erteke:-4.591774807899561e-41
INFO:__main__:3240A register olvasasa sikeres, Erteke:9
INFO:__main__:3208A register olvasasa sikeres, Erteke:9
INFO:__main__:3224A register olvasasa sikeres, Erteke:229
INFO:__main__:-------------------------------------------------
INFO:__main__:238.83807373046875 Feltoltve az adatbazisba!
INFO:__main__:0 Feltoltve az adatbazisba!
INFO:__main__:0 Feltoltve az adatbazisba!
INFO:__main__:0.0 Feltoltve az adatbazisba!
INFO:__main__:0 Feltoltve az adatbazisba!
INFO:__main__:0 Feltoltve az adatbazisba!
INFO:__main__:0.0 Feltoltve az adatbazisba!
INFO:__main__:0.0 Feltoltve az adatbazisba!
INFO:__main__:0.0 Feltoltve az adatbazisba!
INFO:__main__:50.009559631347656 Feltoltve az adatbazisba!
INFO:__main__:-4.591774807899561e-41 Feltoltve az adatbazisba!
INFO:__main__:9 Feltoltve az adatbazisba!
INFO:__main__:9 Feltoltve az adatbazisba!
INFO:__main__:229 Feltoltve az adatbazisba!
INFO:__main__:-------------------------------------------------
INFO:__main__:-------------------------------------------------
INFO:__main__:Az olvasas es feltoltes befejezodott, 1 perc varakozas!
INFO:__main__:Az olvasas megkezdodott!
INFO:__main__:-------------------------------------------------
INFO:__main__:3028A register olvasasa sikeres, Erteke:238.9921112060547
INFO:__main__:3030A register olvasasa sikeres, Erteke:0
INFO:__main__:3032A register olvasasa sikeres, Erteke:0
INFO:__main__:3000A register olvasasa sikeres, Erteke:0.0
INFO:__main__:3002A register olvasasa sikeres, Erteke:0
INFO:__main__:3004A register olvasasa sikeres, Erteke:0
INFO:__main__:3076A register olvasasa sikeres, Erteke:0.0
INFO:__main__:3060A register olvasasa sikeres, Erteke:0.0
INFO:__main__:3068A register olvasasa sikeres, Erteke:0.0
INFO:__main__:3110A register olvasasa sikeres, Erteke:50.006317138671875
INFO:__main__:3196A register olvasasa sikeres, Erteke:-4.591774807899561e-41
INFO:__main__:3240A register olvasasa sikeres, Erteke:9
INFO:__main__:3208A register olvasasa sikeres, Erteke:9
INFO:__main__:3224A register olvasasa sikeres, Erteke:229
INFO:__main__:-------------------------------------------------
INFO:__main__:238.9921112060547 Feltoltve az adatbazisba!
INFO:__main__:0 Feltoltve az adatbazisba!
INFO:__main__:0 Feltoltve az adatbazisba!
INFO:__main__:0.0 Feltoltve az adatbazisba!
INFO:__main__:0 Feltoltve az adatbazisba!
INFO:__main__:0 Feltoltve az adatbazisba!
INFO:__main__:0.0 Feltoltve az adatbazisba!
INFO:__main__:0.0 Feltoltve az adatbazisba!
INFO:__main__:0.0 Feltoltve az adatbazisba!
INFO:__main__:50.006317138671875 Feltoltve az adatbazisba!
INFO:__main__:-4.591774807899561e-41 Feltoltve az adatbazisba!
INFO:__main__:9 Feltoltve az adatbazisba!
INFO:__main__:9 Feltoltve az adatbazisba!
INFO:__main__:229 Feltoltve az adatbazisba!
INFO:__main__:-------------------------------------------------
INFO:__main__:-------------------------------------------------
INFO:__main__:Az olvasas es feltoltes befejezodott, 1 perc varakozas!
INFO:__main__:Az olvasas megkezdodott!
INFO:__main__:-------------------------------------------------
INFO:__main__:3028A register olvasasa sikeres, Erteke:238.35528564453125
INFO:__main__:3030A register olvasasa sikeres, Erteke:0
INFO:__main__:3032A register olvasasa sikeres, Erteke:0
INFO:__main__:3000A register olvasasa sikeres, Erteke:0.0
INFO:__main__:3002A register olvasasa sikeres, Erteke:0
INFO:__main__:3004A register olvasasa sikeres, Erteke:0
INFO:__main__:3076A register olvasasa sikeres, Erteke:0.0
INFO:__main__:3060A register olvasasa sikeres, Erteke:0.0
INFO:__main__:3068A register olvasasa sikeres, Erteke:0.0
INFO:__main__:3110A register olvasasa sikeres, Erteke:50.00233459472656
INFO:__main__:3196A register olvasasa sikeres, Erteke:-4.591774807899561e-41
INFO:__main__:3240A register olvasasa sikeres, Erteke:9
INFO:__main__:3208A register olvasasa sikeres, Erteke:9
INFO:__main__:3224A register olvasasa sikeres, Erteke:229
INFO:__main__:-------------------------------------------------
INFO:__main__:238.35528564453125 Feltoltve az adatbazisba!
INFO:__main__:0 Feltoltve az adatbazisba!
INFO:__main__:0 Feltoltve az adatbazisba!
INFO:__main__:0.0 Feltoltve az adatbazisba!
INFO:__main__:0 Feltoltve az adatbazisba!
INFO:__main__:0 Feltoltve az adatbazisba!
INFO:__main__:0.0 Feltoltve az adatbazisba!
INFO:__main__:0.0 Feltoltve az adatbazisba!
INFO:__main__:0.0 Feltoltve az adatbazisba!
INFO:__main__:50.00233459472656 Feltoltve az adatbazisba!
INFO:__main__:-4.591774807899561e-41 Feltoltve az adatbazisba!
INFO:__main__:9 Feltoltve az adatbazisba!
INFO:__main__:9 Feltoltve az adatbazisba!
INFO:__main__:229 Feltoltve az adatbazisba!
INFO:__main__:-------------------------------------------------
INFO:__main__:-------------------------------------------------
INFO:__main__:Az olvasas es feltoltes befejezodott, 1 perc varakozas!
INFO:__main__:Kapcsolat bontva és adatkiolvasas LEALLITVA
INFO:__main__:Sikerült csatlakozni!
INFO:__main__:Az olvasas megkezdodott!
INFO:__main__:-------------------------------------------------
INFO:__main__:3028A register olvasasa sikeres, Erteke:237.93495178222656
INFO:__main__:3030A register olvasasa sikeres, Erteke:0
INFO:__main__:3032A register olvasasa sikeres, Erteke:0
INFO:__main__:3000A register olvasasa sikeres, Erteke:1.0156850814819336
INFO:__main__:3002A register olvasasa sikeres, Erteke:0
INFO:__main__:3004A register olvasasa sikeres, Erteke:0
INFO:__main__:3076A register olvasasa sikeres, Erteke:0.2416669726371765
INFO:__main__:3060A register olvasasa sikeres, Erteke:0.24153485894203186
INFO:__main__:3068A register olvasasa sikeres, Erteke:-0.007989984005689621
INFO:__main__:3110A register olvasasa sikeres, Erteke:49.97842788696289
INFO:__main__:3196A register olvasasa sikeres, Erteke:1.3577855686183571e-36
INFO:__main__:3240A register olvasasa sikeres, Erteke:9
INFO:__main__:3208A register olvasasa sikeres, Erteke:9
INFO:__main__:3224A register olvasasa sikeres, Erteke:230
INFO:__main__:-------------------------------------------------
INFO:__main__:237.93495178222656 Feltoltve az adatbazisba!
INFO:__main__:0 Feltoltve az adatbazisba!
INFO:__main__:0 Feltoltve az adatbazisba!
INFO:__main__:1.0156850814819336 Feltoltve az adatbazisba!
INFO:__main__:0 Feltoltve az adatbazisba!
INFO:__main__:0 Feltoltve az adatbazisba!
INFO:__main__:0.2416669726371765 Feltoltve az adatbazisba!
INFO:__main__:0.24153485894203186 Feltoltve az adatbazisba!
INFO:__main__:-0.007989984005689621 Feltoltve az adatbazisba!
INFO:__main__:49.97842788696289 Feltoltve az adatbazisba!
INFO:__main__:1.3577855686183571e-36 Feltoltve az adatbazisba!
INFO:__main__:9 Feltoltve az adatbazisba!
INFO:__main__:9 Feltoltve az adatbazisba!
INFO:__main__:230 Feltoltve az adatbazisba!
INFO:__main__:-------------------------------------------------
INFO:__main__:-------------------------------------------------
INFO:__main__:Az olvasas es feltoltes befejezodott, 1 perc varakozas!
INFO:__main__:Az olvasas megkezdodott!
INFO:__main__:-------------------------------------------------
INFO:__main__:3028A register olvasasa sikeres, Erteke:238.35484313964844
INFO:__main__:3030A register olvasasa sikeres, Erteke:0
INFO:__main__:3032A register olvasasa sikeres, Erteke:0
INFO:__main__:3000A register olvasasa sikeres, Erteke:1.0163602828979492
INFO:__main__:3002A register olvasasa sikeres, Erteke:0
INFO:__main__:3004A register olvasasa sikeres, Erteke:0
INFO:__main__:3076A register olvasasa sikeres, Erteke:0.24225439131259918
INFO:__main__:3060A register olvasasa sikeres, Erteke:0.24212145805358887
INFO:__main__:3068A register olvasasa sikeres, Erteke:-0.008024376817047596
INFO:__main__:3110A register olvasasa sikeres, Erteke:50.003517150878906
INFO:__main__:3196A register olvasasa sikeres, Erteke:1.3577855686183571e-36
INFO:__main__:3240A register olvasasa sikeres, Erteke:9
INFO:__main__:3208A register olvasasa sikeres, Erteke:9
INFO:__main__:3224A register olvasasa sikeres, Erteke:230
INFO:__main__:-------------------------------------------------
INFO:__main__:238.35484313964844 Feltoltve az adatbazisba!
INFO:__main__:0 Feltoltve az adatbazisba!
INFO:__main__:0 Feltoltve az adatbazisba!
INFO:__main__:1.0163602828979492 Feltoltve az adatbazisba!
INFO:__main__:0 Feltoltve az adatbazisba!
INFO:__main__:0 Feltoltve az adatbazisba!
INFO:__main__:0.24225439131259918 Feltoltve az adatbazisba!
INFO:__main__:0.24212145805358887 Feltoltve az adatbazisba!
INFO:__main__:-0.008024376817047596 Feltoltve az adatbazisba!
INFO:__main__:50.003517150878906 Feltoltve az adatbazisba!
INFO:__main__:1.3577855686183571e-36 Feltoltve az adatbazisba!
INFO:__main__:9 Feltoltve az adatbazisba!
INFO:__main__:9 Feltoltve az adatbazisba!
INFO:__main__:230 Feltoltve az adatbazisba!
INFO:__main__:-------------------------------------------------
INFO:__main__:-------------------------------------------------
INFO:__main__:Az olvasas es feltoltes befejezodott, 1 perc varakozas!
INFO:__main__:Az olvasas megkezdodott!
INFO:__main__:-------------------------------------------------
INFO:__main__:3028A register olvasasa sikeres, Erteke:237.32569885253906
INFO:__main__:3030A register olvasasa sikeres, Erteke:0
INFO:__main__:3032A register olvasasa sikeres, Erteke:0
INFO:__main__:3000A register olvasasa sikeres, Erteke:1.0141743421554565
INFO:__main__:3002A register olvasasa sikeres, Erteke:0
INFO:__main__:3004A register olvasasa sikeres, Erteke:0
INFO:__main__:3076A register olvasasa sikeres, Erteke:0.24068963527679443
INFO:__main__:3060A register olvasasa sikeres, Erteke:0.24055567383766174
INFO:__main__:3068A register olvasasa sikeres, Erteke:-0.008028999902307987
INFO:__main__:3110A register olvasasa sikeres, Erteke:49.996665954589844
INFO:__main__:3196A register olvasasa sikeres, Erteke:1.3577855686183571e-36
INFO:__main__:3240A register olvasasa sikeres, Erteke:9
INFO:__main__:3208A register olvasasa sikeres, Erteke:9
INFO:__main__:3224A register olvasasa sikeres, Erteke:230
INFO:__main__:-------------------------------------------------
INFO:__main__:237.32569885253906 Feltoltve az adatbazisba!
INFO:__main__:0 Feltoltve az adatbazisba!
INFO:__main__:0 Feltoltve az adatbazisba!
INFO:__main__:1.0141743421554565 Feltoltve az adatbazisba!
INFO:__main__:0 Feltoltve az adatbazisba!
INFO:__main__:0 Feltoltve az adatbazisba!
INFO:__main__:0.24068963527679443 Feltoltve az adatbazisba!
INFO:__main__:0.24055567383766174 Feltoltve az adatbazisba!
INFO:__main__:-0.008028999902307987 Feltoltve az adatbazisba!
INFO:__main__:49.996665954589844 Feltoltve az adatbazisba!
INFO:__main__:1.3577855686183571e-36 Feltoltve az adatbazisba!
INFO:__main__:9 Feltoltve az adatbazisba!
INFO:__main__:9 Feltoltve az adatbazisba!
INFO:__main__:230 Feltoltve az adatbazisba!
INFO:__main__:-------------------------------------------------
INFO:__main__:-------------------------------------------------
INFO:__main__:Az olvasas es feltoltes befejezodott, 1 perc varakozas!
INFO:__main__:Az olvasas megkezdodott!
INFO:__main__:-------------------------------------------------
INFO:__main__:3028A register olvasasa sikeres, Erteke:237.8797149658203
INFO:__main__:3030A register olvasasa sikeres, Erteke:0
INFO:__main__:3032A register olvasasa sikeres, Erteke:0
INFO:__main__:3000A register olvasasa sikeres, Erteke:1.0149871110916138
INFO:__main__:3002A register olvasasa sikeres, Erteke:0
INFO:__main__:3004A register olvasasa sikeres, Erteke:0
INFO:__main__:3076A register olvasasa sikeres, Erteke:0.24144484102725983
INFO:__main__:3060A register olvasasa sikeres, Erteke:0.24131076037883759
INFO:__main__:3068A register olvasasa sikeres, Erteke:-0.00804528221487999
INFO:__main__:3110A register olvasasa sikeres, Erteke:49.994632720947266
INFO:__main__:3196A register olvasasa sikeres, Erteke:1.3577855686183571e-36
INFO:__main__:3240A register olvasasa sikeres, Erteke:9
INFO:__main__:3208A register olvasasa sikeres, Erteke:9
INFO:__main__:3224A register olvasasa sikeres, Erteke:230
INFO:__main__:-------------------------------------------------
INFO:__main__:237.8797149658203 Feltoltve az adatbazisba!
INFO:__main__:0 Feltoltve az adatbazisba!
INFO:__main__:0 Feltoltve az adatbazisba!
INFO:__main__:1.0149871110916138 Feltoltve az adatbazisba!
INFO:__main__:0 Feltoltve az adatbazisba!
INFO:__main__:0 Feltoltve az adatbazisba!
INFO:__main__:0.24144484102725983 Feltoltve az adatbazisba!
INFO:__main__:0.24131076037883759 Feltoltve az adatbazisba!
INFO:__main__:-0.00804528221487999 Feltoltve az adatbazisba!
INFO:__main__:49.994632720947266 Feltoltve az adatbazisba!
INFO:__main__:1.3577855686183571e-36 Feltoltve az adatbazisba!
INFO:__main__:9 Feltoltve az adatbazisba!
INFO:__main__:9 Feltoltve az adatbazisba!
INFO:__main__:230 Feltoltve az adatbazisba!
INFO:__main__:-------------------------------------------------
INFO:__main__:-------------------------------------------------
INFO:__main__:Az olvasas es feltoltes befejezodott, 1 perc varakozas!
INFO:__main__:Az olvasas megkezdodott!
INFO:__main__:-------------------------------------------------
INFO:__main__:3028A register olvasasa sikeres, Erteke:237.1112060546875
INFO:__main__:3030A register olvasasa sikeres, Erteke:0
INFO:__main__:3032A register olvasasa sikeres, Erteke:0
INFO:__main__:3000A register olvasasa sikeres, Erteke:1.0135326385498047
INFO:__main__:3002A register olvasasa sikeres, Erteke:0
INFO:__main__:3004A register olvasasa sikeres, Erteke:0
INFO:__main__:3076A register olvasasa sikeres, Erteke:0.24031995236873627
INFO:__main__:3060A register olvasasa sikeres, Erteke:0.24018658697605133
INFO:__main__:3068A register olvasasa sikeres, Erteke:-0.00800512544810772
INFO:__main__:3110A register olvasasa sikeres, Erteke:49.998905181884766
INFO:__main__:3196A register olvasasa sikeres, Erteke:1.3577855686183571e-36
INFO:__main__:3240A register olvasasa sikeres, Erteke:9
INFO:__main__:3208A register olvasasa sikeres, Erteke:9
INFO:__main__:3224A register olvasasa sikeres, Erteke:230
INFO:__main__:-------------------------------------------------
INFO:__main__:237.1112060546875 Feltoltve az adatbazisba!
INFO:__main__:0 Feltoltve az adatbazisba!
INFO:__main__:0 Feltoltve az adatbazisba!
INFO:__main__:1.0135326385498047 Feltoltve az adatbazisba!
INFO:__main__:0 Feltoltve az adatbazisba!
INFO:__main__:0 Feltoltve az adatbazisba!
INFO:__main__:0.24031995236873627 Feltoltve az adatbazisba!
INFO:__main__:0.24018658697605133 Feltoltve az adatbazisba!
INFO:__main__:-0.00800512544810772 Feltoltve az adatbazisba!
INFO:__main__:49.998905181884766 Feltoltve az adatbazisba!
INFO:__main__:1.3577855686183571e-36 Feltoltve az adatbazisba!
INFO:__main__:9 Feltoltve az adatbazisba!
INFO:__main__:9 Feltoltve az adatbazisba!
INFO:__main__:230 Feltoltve az adatbazisba!
INFO:__main__:-------------------------------------------------
INFO:__main__:-------------------------------------------------
INFO:__main__:Az olvasas es feltoltes befejezodott, 1 perc varakozas!
INFO:__main__:Az olvasas megkezdodott!
INFO:__main__:-------------------------------------------------
INFO:__main__:3028A register olvasasa sikeres, Erteke:236.7281494140625
INFO:__main__:3030A register olvasasa sikeres, Erteke:0
INFO:__main__:3032A register olvasasa sikeres, Erteke:0
INFO:__main__:3000A register olvasasa sikeres, Erteke:1.0130422115325928
INFO:__main__:3002A register olvasasa sikeres, Erteke:0
INFO:__main__:3004A register olvasasa sikeres, Erteke:0
INFO:__main__:3076A register olvasasa sikeres, Erteke:0.239814892411232
INFO:__main__:3060A register olvasasa sikeres, Erteke:0.23968446254730225
INFO:__main__:3068A register olvasasa sikeres, Erteke:-0.0079084113240242
INFO:__main__:3110A register olvasasa sikeres, Erteke:49.982879638671875
INFO:__main__:3196A register olvasasa sikeres, Erteke:1.3577855686183571e-36
INFO:__main__:3240A register olvasasa sikeres, Erteke:9
INFO:__main__:3208A register olvasasa sikeres, Erteke:9
INFO:__main__:3224A register olvasasa sikeres, Erteke:230
INFO:__main__:-------------------------------------------------
INFO:__main__:236.7281494140625 Feltoltve az adatbazisba!
INFO:__main__:0 Feltoltve az adatbazisba!
INFO:__main__:0 Feltoltve az adatbazisba!
INFO:__main__:1.0130422115325928 Feltoltve az adatbazisba!
INFO:__main__:0 Feltoltve az adatbazisba!
INFO:__main__:0 Feltoltve az adatbazisba!
INFO:__main__:0.239814892411232 Feltoltve az adatbazisba!
INFO:__main__:0.23968446254730225 Feltoltve az adatbazisba!
INFO:__main__:-0.0079084113240242 Feltoltve az adatbazisba!
INFO:__main__:49.982879638671875 Feltoltve az adatbazisba!
INFO:__main__:1.3577855686183571e-36 Feltoltve az adatbazisba!
INFO:__main__:9 Feltoltve az adatbazisba!
INFO:__main__:9 Feltoltve az adatbazisba!
INFO:__main__:230 Feltoltve az adatbazisba!
INFO:__main__:-------------------------------------------------
INFO:__main__:-------------------------------------------------
INFO:__main__:Az olvasas es feltoltes befejezodott, 1 perc varakozas!
INFO:__main__:Az olvasas megkezdodott!
INFO:__main__:-------------------------------------------------
INFO:__main__:3028A register olvasasa sikeres, Erteke:237.73475646972656
INFO:__main__:3030A register olvasasa sikeres, Erteke:0
INFO:__main__:3032A register olvasasa sikeres, Erteke:0
INFO:__main__:3000A register olvasasa sikeres, Erteke:1.0150741338729858
INFO:__main__:3002A register olvasasa sikeres, Erteke:0
INFO:__main__:3004A register olvasasa sikeres, Erteke:0
INFO:__main__:3076A register olvasasa sikeres, Erteke:0.24131840467453003
INFO:__main__:3060A register olvasasa sikeres, Erteke:0.24119065701961517
INFO:__main__:3068A register olvasasa sikeres, Erteke:-0.007851154543459415
INFO:__main__:3110A register olvasasa sikeres, Erteke:50.00236892700195
INFO:__main__:3196A register olvasasa sikeres, Erteke:1.3577855686183571e-36
INFO:__main__:3240A register olvasasa sikeres, Erteke:9
INFO:__main__:3208A register olvasasa sikeres, Erteke:9
INFO:__main__:3224A register olvasasa sikeres, Erteke:230
INFO:__main__:-------------------------------------------------
INFO:__main__:237.73475646972656 Feltoltve az adatbazisba!
INFO:__main__:0 Feltoltve az adatbazisba!
INFO:__main__:0 Feltoltve az adatbazisba!
INFO:__main__:1.0150741338729858 Feltoltve az adatbazisba!
INFO:__main__:0 Feltoltve az adatbazisba!
INFO:__main__:0 Feltoltve az adatbazisba!
INFO:__main__:0.24131840467453003 Feltoltve az adatbazisba!
INFO:__main__:0.24119065701961517 Feltoltve az adatbazisba!
INFO:__main__:-0.007851154543459415 Feltoltve az adatbazisba!
INFO:__main__:50.00236892700195 Feltoltve az adatbazisba!
INFO:__main__:1.3577855686183571e-36 Feltoltve az adatbazisba!
INFO:__main__:9 Feltoltve az adatbazisba!
INFO:__main__:9 Feltoltve az adatbazisba!
INFO:__main__:230 Feltoltve az adatbazisba!
INFO:__main__:-------------------------------------------------
INFO:__main__:-------------------------------------------------
INFO:__main__:Az olvasas es feltoltes befejezodott, 1 perc varakozas!
INFO:__main__:Az olvasas megkezdodott!
INFO:__main__:-------------------------------------------------
INFO:__main__:3028A register olvasasa sikeres, Erteke:238.18234252929688
INFO:__main__:3030A register olvasasa sikeres, Erteke:0
INFO:__main__:3032A register olvasasa sikeres, Erteke:0
INFO:__main__:3000A register olvasasa sikeres, Erteke:1.0160748958587646
INFO:__main__:3002A register olvasasa sikeres, Erteke:0
INFO:__main__:3004A register olvasasa sikeres, Erteke:0
INFO:__main__:3076A register olvasasa sikeres, Erteke:0.24201110005378723
INFO:__main__:3060A register olvasasa sikeres, Erteke:0.24187935888767242
INFO:__main__:3068A register olvasasa sikeres, Erteke:-0.007984114810824394
INFO:__main__:3110A register olvasasa sikeres, Erteke:50.00526809692383
INFO:__main__:3196A register olvasasa sikeres, Erteke:1.3577855686183571e-36
INFO:__main__:3240A register olvasasa sikeres, Erteke:9
INFO:__main__:3208A register olvasasa sikeres, Erteke:9
INFO:__main__:3224A register olvasasa sikeres, Erteke:231
INFO:__main__:-------------------------------------------------
INFO:__main__:238.18234252929688 Feltoltve az adatbazisba!
INFO:__main__:0 Feltoltve az adatbazisba!
INFO:__main__:0 Feltoltve az adatbazisba!
INFO:__main__:1.0160748958587646 Feltoltve az adatbazisba!
INFO:__main__:0 Feltoltve az adatbazisba!
INFO:__main__:0 Feltoltve az adatbazisba!
INFO:__main__:0.24201110005378723 Feltoltve az adatbazisba!
INFO:__main__:0.24187935888767242 Feltoltve az adatbazisba!
INFO:__main__:-0.007984114810824394 Feltoltve az adatbazisba!
INFO:__main__:50.00526809692383 Feltoltve az adatbazisba!
INFO:__main__:1.3577855686183571e-36 Feltoltve az adatbazisba!
INFO:__main__:9 Feltoltve az adatbazisba!
INFO:__main__:9 Feltoltve az adatbazisba!
INFO:__main__:231 Feltoltve az adatbazisba!
INFO:__main__:-------------------------------------------------
INFO:__main__:-------------------------------------------------
INFO:__main__:Az olvasas es feltoltes befejezodott, 1 perc varakozas!
INFO:__main__:Az olvasas megkezdodott!
INFO:__main__:-------------------------------------------------
INFO:__main__:3028A register olvasasa sikeres, Erteke:238.194091796875
INFO:__main__:3030A register olvasasa sikeres, Erteke:0
INFO:__main__:3032A register olvasasa sikeres, Erteke:0
INFO:__main__:3000A register olvasasa sikeres, Erteke:1.0157049894332886
INFO:__main__:3002A register olvasasa sikeres, Erteke:0
INFO:__main__:3004A register olvasasa sikeres, Erteke:0
INFO:__main__:3076A register olvasasa sikeres, Erteke:0.24193492531776428
INFO:__main__:3060A register olvasasa sikeres, Erteke:0.24180251359939575
INFO:__main__:3068A register olvasasa sikeres, Erteke:-0.008002928458154202
INFO:__main__:3110A register olvasasa sikeres, Erteke:49.98285675048828
INFO:__main__:3196A register olvasasa sikeres, Erteke:1.3577855686183571e-36
INFO:__main__:3240A register olvasasa sikeres, Erteke:9
INFO:__main__:3208A register olvasasa sikeres, Erteke:9
INFO:__main__:3224A register olvasasa sikeres, Erteke:231
INFO:__main__:-------------------------------------------------
INFO:__main__:238.194091796875 Feltoltve az adatbazisba!
INFO:__main__:0 Feltoltve az adatbazisba!
INFO:__main__:0 Feltoltve az adatbazisba!
INFO:__main__:1.0157049894332886 Feltoltve az adatbazisba!
INFO:__main__:0 Feltoltve az adatbazisba!
INFO:__main__:0 Feltoltve az adatbazisba!
INFO:__main__:0.24193492531776428 Feltoltve az adatbazisba!
INFO:__main__:0.24180251359939575 Feltoltve az adatbazisba!
INFO:__main__:-0.008002928458154202 Feltoltve az adatbazisba!
INFO:__main__:49.98285675048828 Feltoltve az adatbazisba!
INFO:__main__:1.3577855686183571e-36 Feltoltve az adatbazisba!
INFO:__main__:9 Feltoltve az adatbazisba!
INFO:__main__:9 Feltoltve az adatbazisba!
INFO:__main__:231 Feltoltve az adatbazisba!
INFO:__main__:-------------------------------------------------
INFO:__main__:-------------------------------------------------
INFO:__main__:Az olvasas es feltoltes befejezodott, 1 perc varakozas!
INFO:__main__:Az olvasas megkezdodott!
INFO:__main__:-------------------------------------------------
INFO:__main__:3028A register olvasasa sikeres, Erteke:239.33966064453125
INFO:__main__:3030A register olvasasa sikeres, Erteke:0
INFO:__main__:3032A register olvasasa sikeres, Erteke:0
INFO:__main__:3000A register olvasasa sikeres, Erteke:1.01938796043396
INFO:__main__:3002A register olvasasa sikeres, Erteke:0
INFO:__main__:3004A register olvasasa sikeres, Erteke:0
INFO:__main__:3076A register olvasasa sikeres, Erteke:0.24397996068000793
INFO:__main__:3060A register olvasasa sikeres, Erteke:0.24384771287441254
INFO:__main__:3068A register olvasasa sikeres, Erteke:-0.008031918667256832
INFO:__main__:3110A register olvasasa sikeres, Erteke:49.984535217285156
INFO:__main__:3196A register olvasasa sikeres, Erteke:1.3577855686183571e-36
INFO:__main__:3240A register olvasasa sikeres, Erteke:9
INFO:__main__:3208A register olvasasa sikeres, Erteke:9
INFO:__main__:3224A register olvasasa sikeres, Erteke:231
INFO:__main__:-------------------------------------------------
INFO:__main__:239.33966064453125 Feltoltve az adatbazisba!
INFO:__main__:0 Feltoltve az adatbazisba!
INFO:__main__:0 Feltoltve az adatbazisba!
INFO:__main__:1.01938796043396 Feltoltve az adatbazisba!
INFO:__main__:0 Feltoltve az adatbazisba!
INFO:__main__:0 Feltoltve az adatbazisba!
INFO:__main__:0.24397996068000793 Feltoltve az adatbazisba!
INFO:__main__:0.24384771287441254 Feltoltve az adatbazisba!
INFO:__main__:-0.008031918667256832 Feltoltve az adatbazisba!
INFO:__main__:49.984535217285156 Feltoltve az adatbazisba!
INFO:__main__:1.3577855686183571e-36 Feltoltve az adatbazisba!
INFO:__main__:9 Feltoltve az adatbazisba!
INFO:__main__:9 Feltoltve az adatbazisba!
INFO:__main__:231 Feltoltve az adatbazisba!
INFO:__main__:-------------------------------------------------
INFO:__main__:-------------------------------------------------
INFO:__main__:Az olvasas es feltoltes befejezodott, 1 perc varakozas!
INFO:__main__:Az olvasas megkezdodott!
INFO:__main__:-------------------------------------------------
INFO:__main__:3028A register olvasasa sikeres, Erteke:238.42431640625
INFO:__main__:3030A register olvasasa sikeres, Erteke:0
INFO:__main__:3032A register olvasasa sikeres, Erteke:0
INFO:__main__:3000A register olvasasa sikeres, Erteke:1.016313076019287
INFO:__main__:3002A register olvasasa sikeres, Erteke:0
INFO:__main__:3004A register olvasasa sikeres, Erteke:0
INFO:__main__:3076A register olvasasa sikeres, Erteke:0.24231375753879547
INFO:__main__:3060A register olvasasa sikeres, Erteke:0.24209751188755035
INFO:__main__:3068A register olvasasa sikeres, Erteke:-0.00803362112492323
INFO:__main__:3110A register olvasasa sikeres, Erteke:49.97012710571289
INFO:__main__:3196A register olvasasa sikeres, Erteke:1.3577855686183571e-36
INFO:__main__:3240A register olvasasa sikeres, Erteke:9
INFO:__main__:3208A register olvasasa sikeres, Erteke:9
INFO:__main__:3224A register olvasasa sikeres, Erteke:231
INFO:__main__:-------------------------------------------------
INFO:__main__:238.42431640625 Feltoltve az adatbazisba!
INFO:__main__:0 Feltoltve az adatbazisba!
INFO:__main__:0 Feltoltve az adatbazisba!
INFO:__main__:1.016313076019287 Feltoltve az adatbazisba!
INFO:__main__:0 Feltoltve az adatbazisba!
INFO:__main__:0 Feltoltve az adatbazisba!
INFO:__main__:0.24231375753879547 Feltoltve az adatbazisba!
INFO:__main__:0.24209751188755035 Feltoltve az adatbazisba!
INFO:__main__:-0.00803362112492323 Feltoltve az adatbazisba!
INFO:__main__:49.97012710571289 Feltoltve az adatbazisba!
INFO:__main__:1.3577855686183571e-36 Feltoltve az adatbazisba!
INFO:__main__:9 Feltoltve az adatbazisba!
INFO:__main__:9 Feltoltve az adatbazisba!
INFO:__main__:231 Feltoltve az adatbazisba!
INFO:__main__:-------------------------------------------------
INFO:__main__:-------------------------------------------------
INFO:__main__:Az olvasas es feltoltes befejezodott, 1 perc varakozas!
INFO:__main__:Az olvasas megkezdodott!
INFO:__main__:-------------------------------------------------
INFO:__main__:3028A register olvasasa sikeres, Erteke:237.80287170410156
INFO:__main__:3030A register olvasasa sikeres, Erteke:0
INFO:__main__:3032A register olvasasa sikeres, Erteke:0
INFO:__main__:3000A register olvasasa sikeres, Erteke:1.0148380994796753
INFO:__main__:3002A register olvasasa sikeres, Erteke:0
INFO:__main__:3004A register olvasasa sikeres, Erteke:0
INFO:__main__:3076A register olvasasa sikeres, Erteke:0.24133142828941345
INFO:__main__:3060A register olvasasa sikeres, Erteke:0.24119791388511658
INFO:__main__:3068A register olvasasa sikeres, Erteke:-0.008026567287743092
INFO:__main__:3110A register olvasasa sikeres, Erteke:49.94058609008789
INFO:__main__:3196A register olvasasa sikeres, Erteke:1.3577855686183571e-36
INFO:__main__:3240A register olvasasa sikeres, Erteke:9
INFO:__main__:3208A register olvasasa sikeres, Erteke:9
INFO:__main__:3224A register olvasasa sikeres, Erteke:231
INFO:__main__:-------------------------------------------------
INFO:__main__:237.80287170410156 Feltoltve az adatbazisba!
INFO:__main__:0 Feltoltve az adatbazisba!
INFO:__main__:0 Feltoltve az adatbazisba!
INFO:__main__:1.0148380994796753 Feltoltve az adatbazisba!
INFO:__main__:0 Feltoltve az adatbazisba!
INFO:__main__:0 Feltoltve az adatbazisba!
INFO:__main__:0.24133142828941345 Feltoltve az adatbazisba!
INFO:__main__:0.24119791388511658 Feltoltve az adatbazisba!
INFO:__main__:-0.008026567287743092 Feltoltve az adatbazisba!
INFO:__main__:49.94058609008789 Feltoltve az adatbazisba!
INFO:__main__:1.3577855686183571e-36 Feltoltve az adatbazisba!
INFO:__main__:9 Feltoltve az adatbazisba!
INFO:__main__:9 Feltoltve az adatbazisba!
INFO:__main__:231 Feltoltve az adatbazisba!
INFO:__main__:-------------------------------------------------
INFO:__main__:-------------------------------------------------
INFO:__main__:Az olvasas es feltoltes befejezodott, 1 perc varakozas!
INFO:__main__:Az olvasas megkezdodott!
INFO:__main__:-------------------------------------------------
INFO:__main__:3028A register olvasasa sikeres, Erteke:237.6409912109375
INFO:__main__:3030A register olvasasa sikeres, Erteke:0
INFO:__main__:3032A register olvasasa sikeres, Erteke:0
INFO:__main__:3000A register olvasasa sikeres, Erteke:1.0147262811660767
INFO:__main__:3002A register olvasasa sikeres, Erteke:0
INFO:__main__:3004A register olvasasa sikeres, Erteke:0
INFO:__main__:3076A register olvasasa sikeres, Erteke:0.24114055931568146
INFO:__main__:3060A register olvasasa sikeres, Erteke:0.2410077452659607
INFO:__main__:3068A register olvasasa sikeres, Erteke:-0.008002441376447678
INFO:__main__:3110A register olvasasa sikeres, Erteke:49.94196319580078
INFO:__main__:3196A register olvasasa sikeres, Erteke:1.3577855686183571e-36
INFO:__main__:3240A register olvasasa sikeres, Erteke:9
INFO:__main__:3208A register olvasasa sikeres, Erteke:9
INFO:__main__:3224A register olvasasa sikeres, Erteke:231
INFO:__main__:-------------------------------------------------
INFO:__main__:237.6409912109375 Feltoltve az adatbazisba!
INFO:__main__:0 Feltoltve az adatbazisba!
INFO:__main__:0 Feltoltve az adatbazisba!
INFO:__main__:1.0147262811660767 Feltoltve az adatbazisba!
INFO:__main__:0 Feltoltve az adatbazisba!
INFO:__main__:0 Feltoltve az adatbazisba!
INFO:__main__:0.24114055931568146 Feltoltve az adatbazisba!
INFO:__main__:0.2410077452659607 Feltoltve az adatbazisba!
INFO:__main__:-0.008002441376447678 Feltoltve az adatbazisba!
INFO:__main__:49.94196319580078 Feltoltve az adatbazisba!
INFO:__main__:1.3577855686183571e-36 Feltoltve az adatbazisba!
INFO:__main__:9 Feltoltve az adatbazisba!
INFO:__main__:9 Feltoltve az adatbazisba!
INFO:__main__:231 Feltoltve az adatbazisba!
INFO:__main__:-------------------------------------------------
INFO:__main__:-------------------------------------------------
INFO:__main__:Az olvasas es feltoltes befejezodott, 1 perc varakozas!
INFO:__main__:Az olvasas megkezdodott!
INFO:__main__:-------------------------------------------------
INFO:__main__:3028A register olvasasa sikeres, Erteke:238.28794860839844
INFO:__main__:3030A register olvasasa sikeres, Erteke:0
INFO:__main__:3032A register olvasasa sikeres, Erteke:0
INFO:__main__:3000A register olvasasa sikeres, Erteke:1.0162262916564941
INFO:__main__:3002A register olvasasa sikeres, Erteke:0
INFO:__main__:3004A register olvasasa sikeres, Erteke:0
INFO:__main__:3076A register olvasasa sikeres, Erteke:0.24215447902679443
INFO:__main__:3060A register olvasasa sikeres, Erteke:0.2420181781053543
INFO:__main__:3068A register olvasasa sikeres, Erteke:-0.008123798295855522
INFO:__main__:3110A register olvasasa sikeres, Erteke:49.944000244140625
INFO:__main__:3196A register olvasasa sikeres, Erteke:1.3577855686183571e-36
INFO:__main__:3240A register olvasasa sikeres, Erteke:9
INFO:__main__:3208A register olvasasa sikeres, Erteke:9
INFO:__main__:3224A register olvasasa sikeres, Erteke:231
INFO:__main__:-------------------------------------------------
INFO:__main__:238.28794860839844 Feltoltve az adatbazisba!
INFO:__main__:0 Feltoltve az adatbazisba!
INFO:__main__:0 Feltoltve az adatbazisba!
INFO:__main__:1.0162262916564941 Feltoltve az adatbazisba!
INFO:__main__:0 Feltoltve az adatbazisba!
INFO:__main__:0 Feltoltve az adatbazisba!
INFO:__main__:0.24215447902679443 Feltoltve az adatbazisba!
INFO:__main__:0.2420181781053543 Feltoltve az adatbazisba!
INFO:__main__:-0.008123798295855522 Feltoltve az adatbazisba!
INFO:__main__:49.944000244140625 Feltoltve az adatbazisba!
INFO:__main__:1.3577855686183571e-36 Feltoltve az adatbazisba!
INFO:__main__:9 Feltoltve az adatbazisba!
INFO:__main__:9 Feltoltve az adatbazisba!
INFO:__main__:231 Feltoltve az adatbazisba!
INFO:__main__:-------------------------------------------------
INFO:__main__:-------------------------------------------------
INFO:__main__:Az olvasas es feltoltes befejezodott, 1 perc varakozas!
INFO:__main__:Az olvasas megkezdodott!
INFO:__main__:-------------------------------------------------
INFO:__main__:3028A register olvasasa sikeres, Erteke:238.5036163330078
INFO:__main__:3030A register olvasasa sikeres, Erteke:0
INFO:__main__:3032A register olvasasa sikeres, Erteke:0
INFO:__main__:3000A register olvasasa sikeres, Erteke:1.0166356563568115
INFO:__main__:3002A register olvasasa sikeres, Erteke:0
INFO:__main__:3004A register olvasasa sikeres, Erteke:0
INFO:__main__:3076A register olvasasa sikeres, Erteke:0.24247127771377563
INFO:__main__:3060A register olvasasa sikeres, Erteke:0.2423396110534668
INFO:__main__:3068A register olvasasa sikeres, Erteke:-0.007989739067852497
INFO:__main__:3110A register olvasasa sikeres, Erteke:49.937522888183594
INFO:__main__:3196A register olvasasa sikeres, Erteke:1.3577855686183571e-36
INFO:__main__:3240A register olvasasa sikeres, Erteke:9
INFO:__main__:3208A register olvasasa sikeres, Erteke:9
INFO:__main__:3224A register olvasasa sikeres, Erteke:232
INFO:__main__:-------------------------------------------------
INFO:__main__:238.5036163330078 Feltoltve az adatbazisba!
INFO:__main__:0 Feltoltve az adatbazisba!
INFO:__main__:0 Feltoltve az adatbazisba!
INFO:__main__:1.0166356563568115 Feltoltve az adatbazisba!
INFO:__main__:0 Feltoltve az adatbazisba!
INFO:__main__:0 Feltoltve az adatbazisba!
INFO:__main__:0.24247127771377563 Feltoltve az adatbazisba!
INFO:__main__:0.2423396110534668 Feltoltve az adatbazisba!
INFO:__main__:-0.007989739067852497 Feltoltve az adatbazisba!
INFO:__main__:49.937522888183594 Feltoltve az adatbazisba!
INFO:__main__:1.3577855686183571e-36 Feltoltve az adatbazisba!
INFO:__main__:9 Feltoltve az adatbazisba!
INFO:__main__:9 Feltoltve az adatbazisba!
INFO:__main__:232 Feltoltve az adatbazisba!
INFO:__main__:-------------------------------------------------
INFO:__main__:-------------------------------------------------
INFO:__main__:Az olvasas es feltoltes befejezodott, 1 perc varakozas!
INFO:__main__:Az olvasas megkezdodott!
INFO:__main__:-------------------------------------------------
INFO:__main__:3028A register olvasasa sikeres, Erteke:238.02349853515625
INFO:__main__:3030A register olvasasa sikeres, Erteke:0
INFO:__main__:3032A register olvasasa sikeres, Erteke:0
INFO:__main__:3000A register olvasasa sikeres, Erteke:1.0160027742385864
INFO:__main__:3002A register olvasasa sikeres, Erteke:0
INFO:__main__:3004A register olvasasa sikeres, Erteke:0
INFO:__main__:3076A register olvasasa sikeres, Erteke:0.24183253943920135
INFO:__main__:3060A register olvasasa sikeres, Erteke:0.2416989505290985
INFO:__main__:3068A register olvasasa sikeres, Erteke:-0.008037266321480274
INFO:__main__:3110A register olvasasa sikeres, Erteke:49.96189880371094
INFO:__main__:3196A register olvasasa sikeres, Erteke:1.3577855686183571e-36
INFO:__main__:3240A register olvasasa sikeres, Erteke:9
INFO:__main__:3208A register olvasasa sikeres, Erteke:9
INFO:__main__:3224A register olvasasa sikeres, Erteke:232
INFO:__main__:-------------------------------------------------
INFO:__main__:238.02349853515625 Feltoltve az adatbazisba!
INFO:__main__:0 Feltoltve az adatbazisba!
INFO:__main__:0 Feltoltve az adatbazisba!
INFO:__main__:1.0160027742385864 Feltoltve az adatbazisba!
INFO:__main__:0 Feltoltve az adatbazisba!
INFO:__main__:0 Feltoltve az adatbazisba!
INFO:__main__:0.24183253943920135 Feltoltve az adatbazisba!
INFO:__main__:0.2416989505290985 Feltoltve az adatbazisba!
INFO:__main__:-0.008037266321480274 Feltoltve az adatbazisba!
INFO:__main__:49.96189880371094 Feltoltve az adatbazisba!
INFO:__main__:1.3577855686183571e-36 Feltoltve az adatbazisba!
INFO:__main__:9 Feltoltve az adatbazisba!
INFO:__main__:9 Feltoltve az adatbazisba!
INFO:__main__:232 Feltoltve az adatbazisba!
INFO:__main__:-------------------------------------------------
INFO:__main__:-------------------------------------------------
INFO:__main__:Az olvasas es feltoltes befejezodott, 1 perc varakozas!
INFO:__main__:Az olvasas megkezdodott!
INFO:__main__:-------------------------------------------------
INFO:__main__:3028A register olvasasa sikeres, Erteke:237.44419860839844
INFO:__main__:3030A register olvasasa sikeres, Erteke:0
INFO:__main__:3032A register olvasasa sikeres, Erteke:0
INFO:__main__:3000A register olvasasa sikeres, Erteke:1.014064908027649
INFO:__main__:3002A register olvasasa sikeres, Erteke:0
INFO:__main__:3004A register olvasasa sikeres, Erteke:0
INFO:__main__:3076A register olvasasa sikeres, Erteke:0.24078382551670074
INFO:__main__:3060A register olvasasa sikeres, Erteke:0.24065518379211426
INFO:__main__:3068A register olvasasa sikeres, Erteke:-0.007869790308177471
INFO:__main__:3110A register olvasasa sikeres, Erteke:49.97685241699219
INFO:__main__:3196A register olvasasa sikeres, Erteke:1.3577855686183571e-36
INFO:__main__:3240A register olvasasa sikeres, Erteke:9
INFO:__main__:3208A register olvasasa sikeres, Erteke:9
INFO:__main__:3224A register olvasasa sikeres, Erteke:232
INFO:__main__:-------------------------------------------------
INFO:__main__:237.44419860839844 Feltoltve az adatbazisba!
INFO:__main__:0 Feltoltve az adatbazisba!
INFO:__main__:0 Feltoltve az adatbazisba!
INFO:__main__:1.014064908027649 Feltoltve az adatbazisba!
INFO:__main__:0 Feltoltve az adatbazisba!
INFO:__main__:0 Feltoltve az adatbazisba!
INFO:__main__:0.24078382551670074 Feltoltve az adatbazisba!
INFO:__main__:0.24065518379211426 Feltoltve az adatbazisba!
INFO:__main__:-0.007869790308177471 Feltoltve az adatbazisba!
INFO:__main__:49.97685241699219 Feltoltve az adatbazisba!
INFO:__main__:1.3577855686183571e-36 Feltoltve az adatbazisba!
INFO:__main__:9 Feltoltve az adatbazisba!
INFO:__main__:9 Feltoltve az adatbazisba!
INFO:__main__:232 Feltoltve az adatbazisba!
INFO:__main__:-------------------------------------------------
INFO:__main__:-------------------------------------------------
INFO:__main__:Az olvasas es feltoltes befejezodott, 1 perc varakozas!
INFO:__main__:Az olvasas megkezdodott!
INFO:__main__:-------------------------------------------------
INFO:__main__:3028A register olvasasa sikeres, Erteke:236.77899169921875
INFO:__main__:3030A register olvasasa sikeres, Erteke:0
INFO:__main__:3032A register olvasasa sikeres, Erteke:0
INFO:__main__:3000A register olvasasa sikeres, Erteke:1.0121930837631226
INFO:__main__:3002A register olvasasa sikeres, Erteke:0
INFO:__main__:3004A register olvasasa sikeres, Erteke:0
INFO:__main__:3076A register olvasasa sikeres, Erteke:0.23966605961322784
INFO:__main__:3060A register olvasasa sikeres, Erteke:0.2395322471857071
INFO:__main__:3068A register olvasasa sikeres, Erteke:-0.008007808588445187
INFO:__main__:3110A register olvasasa sikeres, Erteke:49.97539138793945
INFO:__main__:3196A register olvasasa sikeres, Erteke:1.3577855686183571e-36
INFO:__main__:3240A register olvasasa sikeres, Erteke:9
INFO:__main__:3208A register olvasasa sikeres, Erteke:9
INFO:__main__:3224A register olvasasa sikeres, Erteke:232
INFO:__main__:-------------------------------------------------
INFO:__main__:236.77899169921875 Feltoltve az adatbazisba!
INFO:__main__:0 Feltoltve az adatbazisba!
INFO:__main__:0 Feltoltve az adatbazisba!
INFO:__main__:1.0121930837631226 Feltoltve az adatbazisba!
INFO:__main__:0 Feltoltve az adatbazisba!
INFO:__main__:0 Feltoltve az adatbazisba!
INFO:__main__:0.23966605961322784 Feltoltve az adatbazisba!
INFO:__main__:0.2395322471857071 Feltoltve az adatbazisba!
INFO:__main__:-0.008007808588445187 Feltoltve az adatbazisba!
INFO:__main__:49.97539138793945 Feltoltve az adatbazisba!
INFO:__main__:1.3577855686183571e-36 Feltoltve az adatbazisba!
INFO:__main__:9 Feltoltve az adatbazisba!
INFO:__main__:9 Feltoltve az adatbazisba!
INFO:__main__:232 Feltoltve az adatbazisba!
INFO:__main__:-------------------------------------------------
INFO:__main__:-------------------------------------------------
INFO:__main__:Az olvasas es feltoltes befejezodott, 1 perc varakozas!
INFO:__main__:Az olvasas megkezdodott!
INFO:__main__:-------------------------------------------------
INFO:__main__:3028A register olvasasa sikeres, Erteke:237.2922821044922
INFO:__main__:3030A register olvasasa sikeres, Erteke:0
INFO:__main__:3032A register olvasasa sikeres, Erteke:0
INFO:__main__:3000A register olvasasa sikeres, Erteke:1.0134828090667725
INFO:__main__:3002A register olvasasa sikeres, Erteke:0
INFO:__main__:3004A register olvasasa sikeres, Erteke:0
INFO:__main__:3076A register olvasasa sikeres, Erteke:0.24049165844917297
INFO:__main__:3060A register olvasasa sikeres, Erteke:0.24036358296871185
INFO:__main__:3068A register olvasasa sikeres, Erteke:-0.007847421802580357
INFO:__main__:3110A register olvasasa sikeres, Erteke:49.97651290893555
INFO:__main__:3196A register olvasasa sikeres, Erteke:1.3577855686183571e-36
INFO:__main__:3240A register olvasasa sikeres, Erteke:9
INFO:__main__:3208A register olvasasa sikeres, Erteke:9
INFO:__main__:3224A register olvasasa sikeres, Erteke:232
INFO:__main__:-------------------------------------------------
INFO:__main__:237.2922821044922 Feltoltve az adatbazisba!
INFO:__main__:0 Feltoltve az adatbazisba!
INFO:__main__:0 Feltoltve az adatbazisba!
INFO:__main__:1.0134828090667725 Feltoltve az adatbazisba!
INFO:__main__:0 Feltoltve az adatbazisba!
INFO:__main__:0 Feltoltve az adatbazisba!
INFO:__main__:0.24049165844917297 Feltoltve az adatbazisba!
INFO:__main__:0.24036358296871185 Feltoltve az adatbazisba!
INFO:__main__:-0.007847421802580357 Feltoltve az adatbazisba!
INFO:__main__:49.97651290893555 Feltoltve az adatbazisba!
INFO:__main__:1.3577855686183571e-36 Feltoltve az adatbazisba!
INFO:__main__:9 Feltoltve az adatbazisba!
INFO:__main__:9 Feltoltve az adatbazisba!
INFO:__main__:232 Feltoltve az adatbazisba!
INFO:__main__:-------------------------------------------------
INFO:__main__:-------------------------------------------------
INFO:__main__:Az olvasas es feltoltes befejezodott, 1 perc varakozas!
INFO:__main__:Az olvasas megkezdodott!
INFO:__main__:-------------------------------------------------
INFO:__main__:3028A register olvasasa sikeres, Erteke:239.66224670410156
INFO:__main__:3030A register olvasasa sikeres, Erteke:0
INFO:__main__:3032A register olvasasa sikeres, Erteke:0
INFO:__main__:3000A register olvasasa sikeres, Erteke:1.0194745063781738
INFO:__main__:3002A register olvasasa sikeres, Erteke:0
INFO:__main__:3004A register olvasasa sikeres, Erteke:0
INFO:__main__:3076A register olvasasa sikeres, Erteke:0.2443295419216156
INFO:__main__:3060A register olvasasa sikeres, Erteke:0.2441963106393814
INFO:__main__:3068A register olvasasa sikeres, Erteke:-0.008067827671766281
INFO:__main__:3110A register olvasasa sikeres, Erteke:49.99542999267578
INFO:__main__:3196A register olvasasa sikeres, Erteke:1.3577855686183571e-36
INFO:__main__:3240A register olvasasa sikeres, Erteke:9
INFO:__main__:3208A register olvasasa sikeres, Erteke:9
INFO:__main__:3224A register olvasasa sikeres, Erteke:232
INFO:__main__:-------------------------------------------------
INFO:__main__:239.66224670410156 Feltoltve az adatbazisba!
INFO:__main__:0 Feltoltve az adatbazisba!
INFO:__main__:0 Feltoltve az adatbazisba!
INFO:__main__:1.0194745063781738 Feltoltve az adatbazisba!
INFO:__main__:0 Feltoltve az adatbazisba!
INFO:__main__:0 Feltoltve az adatbazisba!
INFO:__main__:0.2443295419216156 Feltoltve az adatbazisba!
INFO:__main__:0.2441963106393814 Feltoltve az adatbazisba!
INFO:__main__:-0.008067827671766281 Feltoltve az adatbazisba!
INFO:__main__:49.99542999267578 Feltoltve az adatbazisba!
INFO:__main__:1.3577855686183571e-36 Feltoltve az adatbazisba!
INFO:__main__:9 Feltoltve az adatbazisba!
INFO:__main__:9 Feltoltve az adatbazisba!
INFO:__main__:232 Feltoltve az adatbazisba!
INFO:__main__:-------------------------------------------------
INFO:__main__:-------------------------------------------------
INFO:__main__:Az olvasas es feltoltes befejezodott, 1 perc varakozas!
INFO:__main__:Az olvasas megkezdodott!
INFO:__main__:-------------------------------------------------
INFO:__main__:3028A register olvasasa sikeres, Erteke:239.77410888671875
INFO:__main__:3030A register olvasasa sikeres, Erteke:0
INFO:__main__:3032A register olvasasa sikeres, Erteke:0
INFO:__main__:3000A register olvasasa sikeres, Erteke:1.019734263420105
INFO:__main__:3002A register olvasasa sikeres, Erteke:0
INFO:__main__:3004A register olvasasa sikeres, Erteke:0
INFO:__main__:3076A register olvasasa sikeres, Erteke:0.2445058673620224
INFO:__main__:3060A register olvasasa sikeres, Erteke:0.24437405169010162
INFO:__main__:3068A register olvasasa sikeres, Erteke:-0.008027540519833565
INFO:__main__:3110A register olvasasa sikeres, Erteke:49.982818603515625
INFO:__main__:3196A register olvasasa sikeres, Erteke:1.3577855686183571e-36
INFO:__main__:3240A register olvasasa sikeres, Erteke:9
INFO:__main__:3208A register olvasasa sikeres, Erteke:9
INFO:__main__:3224A register olvasasa sikeres, Erteke:232
INFO:__main__:-------------------------------------------------
INFO:__main__:239.77410888671875 Feltoltve az adatbazisba!
INFO:__main__:0 Feltoltve az adatbazisba!
INFO:__main__:0 Feltoltve az adatbazisba!
INFO:__main__:1.019734263420105 Feltoltve az adatbazisba!
INFO:__main__:0 Feltoltve az adatbazisba!
INFO:__main__:0 Feltoltve az adatbazisba!
INFO:__main__:0.2445058673620224 Feltoltve az adatbazisba!
INFO:__main__:0.24437405169010162 Feltoltve az adatbazisba!
INFO:__main__:-0.008027540519833565 Feltoltve az adatbazisba!
INFO:__main__:49.982818603515625 Feltoltve az adatbazisba!
INFO:__main__:1.3577855686183571e-36 Feltoltve az adatbazisba!
INFO:__main__:9 Feltoltve az adatbazisba!
INFO:__main__:9 Feltoltve az adatbazisba!
INFO:__main__:232 Feltoltve az adatbazisba!
INFO:__main__:-------------------------------------------------
INFO:__main__:-------------------------------------------------
INFO:__main__:Az olvasas es feltoltes befejezodott, 1 perc varakozas!
INFO:__main__:Kapcsolat bontva és adatkiolvasas LEALLITVA
INFO:__main__:Sikerült csatlakozni!
INFO:__main__:Az olvasas megkezdodott!
INFO:__main__:-------------------------------------------------
INFO:__main__:3028A register olvasasa sikeres, Erteke:238.03128051757812
INFO:__main__:3030A register olvasasa sikeres, Erteke:0
INFO:__main__:3032A register olvasasa sikeres, Erteke:0
INFO:__main__:3000A register olvasasa sikeres, Erteke:1.0154615640640259
INFO:__main__:3002A register olvasasa sikeres, Erteke:0
INFO:__main__:3004A register olvasasa sikeres, Erteke:0
INFO:__main__:3076A register olvasasa sikeres, Erteke:0.2417116016149521
INFO:__main__:3060A register olvasasa sikeres, Erteke:0.24158157408237457
INFO:__main__:3068A register olvasasa sikeres, Erteke:-0.007927404716610909
INFO:__main__:3110A register olvasasa sikeres, Erteke:49.97047805786133
INFO:__main__:3196A register olvasasa sikeres, Erteke:1.3577855686183571e-36
INFO:__main__:3240A register olvasasa sikeres, Erteke:9
INFO:__main__:3208A register olvasasa sikeres, Erteke:9
INFO:__main__:3224A register olvasasa sikeres, Erteke:233
INFO:__main__:-------------------------------------------------
INFO:__main__:238.03128051757812 Feltoltve az adatbazisba!
INFO:__main__:0 Feltoltve az adatbazisba!
INFO:__main__:0 Feltoltve az adatbazisba!
INFO:__main__:1.0154615640640259 Feltoltve az adatbazisba!
INFO:__main__:0 Feltoltve az adatbazisba!
INFO:__main__:0 Feltoltve az adatbazisba!
INFO:__main__:0.2417116016149521 Feltoltve az adatbazisba!
INFO:__main__:0.24158157408237457 Feltoltve az adatbazisba!
INFO:__main__:-0.007927404716610909 Feltoltve az adatbazisba!
INFO:__main__:49.97047805786133 Feltoltve az adatbazisba!
INFO:__main__:1.3577855686183571e-36 Feltoltve az adatbazisba!
INFO:__main__:9 Feltoltve az adatbazisba!
INFO:__main__:9 Feltoltve az adatbazisba!
INFO:__main__:233 Feltoltve az adatbazisba!
INFO:__main__:Sikerült csatlakozni!
INFO:__main__:Az olvasas megkezdodott!
INFO:__main__:-------------------------------------------------
INFO:__main__:3028A register olvasasa sikeres, Erteke:239.51283264160156
INFO:__main__:3030A register olvasasa sikeres, Erteke:0
INFO:__main__:3032A register olvasasa sikeres, Erteke:0
INFO:__main__:3000A register olvasasa sikeres, Erteke:1.0188831090927124
INFO:__main__:3002A register olvasasa sikeres, Erteke:0
INFO:__main__:3004A register olvasasa sikeres, Erteke:0
INFO:__main__:3076A register olvasasa sikeres, Erteke:0.24403558671474457
INFO:__main__:3060A register olvasasa sikeres, Erteke:0.24390549957752228
INFO:__main__:3068A register olvasasa sikeres, Erteke:-0.007966972887516022
INFO:__main__:3110A register olvasasa sikeres, Erteke:49.978118896484375
INFO:__main__:3196A register olvasasa sikeres, Erteke:1.3577855686183571e-36
INFO:__main__:3240A register olvasasa sikeres, Erteke:9
INFO:__main__:3208A register olvasasa sikeres, Erteke:9
INFO:__main__:3224A register olvasasa sikeres, Erteke:233
INFO:__main__:-------------------------------------------------
INFO:__main__:239.51283264160156 Feltoltve az adatbazisba!
INFO:__main__:0 Feltoltve az adatbazisba!
INFO:__main__:0 Feltoltve az adatbazisba!
INFO:__main__:1.0188831090927124 Feltoltve az adatbazisba!
INFO:__main__:0 Feltoltve az adatbazisba!
INFO:__main__:0 Feltoltve az adatbazisba!
INFO:__main__:0.24403558671474457 Feltoltve az adatbazisba!
INFO:__main__:0.24390549957752228 Feltoltve az adatbazisba!
INFO:__main__:-0.007966972887516022 Feltoltve az adatbazisba!
INFO:__main__:49.978118896484375 Feltoltve az adatbazisba!
INFO:__main__:1.3577855686183571e-36 Feltoltve az adatbazisba!
INFO:__main__:9 Feltoltve az adatbazisba!
INFO:__main__:9 Feltoltve az adatbazisba!
INFO:__main__:233 Feltoltve az adatbazisba!
INFO:__main__:-------------------------------------------------
INFO:__main__:-------------------------------------------------
INFO:__main__:Az olvasas es feltoltes befejezodott, 1 perc varakozas!
INFO:__main__:Az olvasas megkezdodott!
INFO:__main__:-------------------------------------------------
INFO:__main__:3028A register olvasasa sikeres, Erteke:238.9200897216797
INFO:__main__:3030A register olvasasa sikeres, Erteke:0
INFO:__main__:3032A register olvasasa sikeres, Erteke:0
INFO:__main__:3000A register olvasasa sikeres, Erteke:1.0177439451217651
INFO:__main__:3002A register olvasasa sikeres, Erteke:0
INFO:__main__:3004A register olvasasa sikeres, Erteke:0
INFO:__main__:3076A register olvasasa sikeres, Erteke:0.2431594729423523
INFO:__main__:3060A register olvasasa sikeres, Erteke:0.24302606284618378
INFO:__main__:3068A register olvasasa sikeres, Erteke:-0.008053531870245934
INFO:__main__:3110A register olvasasa sikeres, Erteke:49.97999954223633
INFO:__main__:3196A register olvasasa sikeres, Erteke:1.3577855686183571e-36
INFO:__main__:3240A register olvasasa sikeres, Erteke:9
INFO:__main__:3208A register olvasasa sikeres, Erteke:9
INFO:__main__:3224A register olvasasa sikeres, Erteke:233
INFO:__main__:-------------------------------------------------
INFO:__main__:238.9200897216797 Feltoltve az adatbazisba!
INFO:__main__:0 Feltoltve az adatbazisba!
INFO:__main__:0 Feltoltve az adatbazisba!
INFO:__main__:1.0177439451217651 Feltoltve az adatbazisba!
INFO:__main__:0 Feltoltve az adatbazisba!
INFO:__main__:0 Feltoltve az adatbazisba!
INFO:__main__:0.2431594729423523 Feltoltve az adatbazisba!
INFO:__main__:0.24302606284618378 Feltoltve az adatbazisba!
INFO:__main__:-0.008053531870245934 Feltoltve az adatbazisba!
INFO:__main__:49.97999954223633 Feltoltve az adatbazisba!
INFO:__main__:1.3577855686183571e-36 Feltoltve az adatbazisba!
INFO:__main__:9 Feltoltve az adatbazisba!
INFO:__main__:9 Feltoltve az adatbazisba!
INFO:__main__:233 Feltoltve az adatbazisba!
INFO:__main__:-------------------------------------------------
INFO:__main__:-------------------------------------------------
INFO:__main__:Az olvasas es feltoltes befejezodott, 1 perc varakozas!
INFO:__main__:Az olvasas megkezdodott!
INFO:__main__:-------------------------------------------------
INFO:__main__:3028A register olvasasa sikeres, Erteke:239.56185913085938
INFO:__main__:3030A register olvasasa sikeres, Erteke:0
INFO:__main__:3032A register olvasasa sikeres, Erteke:0
INFO:__main__:3000A register olvasasa sikeres, Erteke:1.01946222782135
INFO:__main__:3002A register olvasasa sikeres, Erteke:0
INFO:__main__:3004A register olvasasa sikeres, Erteke:0
INFO:__main__:3076A register olvasasa sikeres, Erteke:0.24422428011894226
INFO:__main__:3060A register olvasasa sikeres, Erteke:0.24409519135951996
INFO:__main__:3068A register olvasasa sikeres, Erteke:-0.007939468137919903
INFO:__main__:3110A register olvasasa sikeres, Erteke:49.984798431396484
INFO:__main__:3196A register olvasasa sikeres, Erteke:1.3577855686183571e-36
INFO:__main__:3240A register olvasasa sikeres, Erteke:9
INFO:__main__:3208A register olvasasa sikeres, Erteke:9
INFO:__main__:3224A register olvasasa sikeres, Erteke:233
INFO:__main__:-------------------------------------------------
INFO:__main__:239.56185913085938 Feltoltve az adatbazisba!
INFO:__main__:0 Feltoltve az adatbazisba!
INFO:__main__:0 Feltoltve az adatbazisba!
INFO:__main__:1.01946222782135 Feltoltve az adatbazisba!
INFO:__main__:0 Feltoltve az adatbazisba!
INFO:__main__:0 Feltoltve az adatbazisba!
INFO:__main__:0.24422428011894226 Feltoltve az adatbazisba!
INFO:__main__:0.24409519135951996 Feltoltve az adatbazisba!
INFO:__main__:-0.007939468137919903 Feltoltve az adatbazisba!
INFO:__main__:49.984798431396484 Feltoltve az adatbazisba!
INFO:__main__:1.3577855686183571e-36 Feltoltve az adatbazisba!
INFO:__main__:9 Feltoltve az adatbazisba!
INFO:__main__:9 Feltoltve az adatbazisba!
INFO:__main__:233 Feltoltve az adatbazisba!
INFO:__main__:-------------------------------------------------
INFO:__main__:-------------------------------------------------
INFO:__main__:Az olvasas es feltoltes befejezodott, 1 perc varakozas!
INFO:__main__:Az olvasas megkezdodott!
INFO:__main__:-------------------------------------------------
INFO:__main__:3028A register olvasasa sikeres, Erteke:240.644287109375
INFO:__main__:3030A register olvasasa sikeres, Erteke:0
INFO:__main__:3032A register olvasasa sikeres, Erteke:0
INFO:__main__:3000A register olvasasa sikeres, Erteke:1.022263526916504
INFO:__main__:3002A register olvasasa sikeres, Erteke:0
INFO:__main__:3004A register olvasasa sikeres, Erteke:0
INFO:__main__:3076A register olvasasa sikeres, Erteke:0.24600186944007874
INFO:__main__:3060A register olvasasa sikeres, Erteke:0.2458672672510147
INFO:__main__:3068A register olvasasa sikeres, Erteke:-0.008137010969221592
INFO:__main__:3110A register olvasasa sikeres, Erteke:49.95042419433594
INFO:__main__:3196A register olvasasa sikeres, Erteke:1.3577855686183571e-36
INFO:__main__:3240A register olvasasa sikeres, Erteke:9
INFO:__main__:3208A register olvasasa sikeres, Erteke:9
INFO:__main__:3224A register olvasasa sikeres, Erteke:233
INFO:__main__:-------------------------------------------------
INFO:__main__:240.644287109375 Feltoltve az adatbazisba!
INFO:__main__:0 Feltoltve az adatbazisba!
INFO:__main__:0 Feltoltve az adatbazisba!
INFO:__main__:1.022263526916504 Feltoltve az adatbazisba!
INFO:__main__:0 Feltoltve az adatbazisba!
INFO:__main__:0 Feltoltve az adatbazisba!
INFO:__main__:0.24600186944007874 Feltoltve az adatbazisba!
INFO:__main__:0.2458672672510147 Feltoltve az adatbazisba!
INFO:__main__:-0.008137010969221592 Feltoltve az adatbazisba!
INFO:__main__:49.95042419433594 Feltoltve az adatbazisba!
INFO:__main__:1.3577855686183571e-36 Feltoltve az adatbazisba!
INFO:__main__:9 Feltoltve az adatbazisba!
INFO:__main__:9 Feltoltve az adatbazisba!
INFO:__main__:233 Feltoltve az adatbazisba!
INFO:__main__:-------------------------------------------------
INFO:__main__:-------------------------------------------------
INFO:__main__:Az olvasas es feltoltes befejezodott, 1 perc varakozas!
INFO:__main__:Az olvasas megkezdodott!
INFO:__main__:-------------------------------------------------
INFO:__main__:3028A register olvasasa sikeres, Erteke:239.15499877929688
INFO:__main__:3030A register olvasasa sikeres, Erteke:0
INFO:__main__:3032A register olvasasa sikeres, Erteke:0
INFO:__main__:3000A register olvasasa sikeres, Erteke:1.0186381340026855
INFO:__main__:3002A register olvasasa sikeres, Erteke:0
INFO:__main__:3004A register olvasasa sikeres, Erteke:0
INFO:__main__:3076A register olvasasa sikeres, Erteke:0.2436123937368393
INFO:__main__:3060A register olvasasa sikeres, Erteke:0.24347691237926483
INFO:__main__:3068A register olvasasa sikeres, Erteke:-0.008123557083308697
INFO:__main__:3110A register olvasasa sikeres, Erteke:49.977752685546875
INFO:__main__:3196A register olvasasa sikeres, Erteke:1.3577855686183571e-36
INFO:__main__:3240A register olvasasa sikeres, Erteke:9
INFO:__main__:3208A register olvasasa sikeres, Erteke:9
INFO:__main__:3224A register olvasasa sikeres, Erteke:233
INFO:__main__:-------------------------------------------------
INFO:__main__:239.15499877929688 Feltoltve az adatbazisba!
INFO:__main__:0 Feltoltve az adatbazisba!
INFO:__main__:0 Feltoltve az adatbazisba!
INFO:__main__:1.0186381340026855 Feltoltve az adatbazisba!
INFO:__main__:0 Feltoltve az adatbazisba!
INFO:__main__:0 Feltoltve az adatbazisba!
INFO:__main__:0.2436123937368393 Feltoltve az adatbazisba!
INFO:__main__:0.24347691237926483 Feltoltve az adatbazisba!
INFO:__main__:-0.008123557083308697 Feltoltve az adatbazisba!
INFO:__main__:49.977752685546875 Feltoltve az adatbazisba!
INFO:__main__:1.3577855686183571e-36 Feltoltve az adatbazisba!
INFO:__main__:9 Feltoltve az adatbazisba!
INFO:__main__:9 Feltoltve az adatbazisba!
INFO:__main__:233 Feltoltve az adatbazisba!
INFO:__main__:-------------------------------------------------
INFO:__main__:-------------------------------------------------
INFO:__main__:Az olvasas es feltoltes befejezodott, 1 perc varakozas!
INFO:__main__:Az olvasas megkezdodott!
INFO:__main__:-------------------------------------------------
INFO:__main__:3028A register olvasasa sikeres, Erteke:240.74221801757812
INFO:__main__:3030A register olvasasa sikeres, Erteke:0
INFO:__main__:3032A register olvasasa sikeres, Erteke:0
INFO:__main__:3000A register olvasasa sikeres, Erteke:1.022606372833252
INFO:__main__:3002A register olvasasa sikeres, Erteke:0
INFO:__main__:3004A register olvasasa sikeres, Erteke:0
INFO:__main__:3076A register olvasasa sikeres, Erteke:0.24618452787399292
INFO:__main__:3060A register olvasasa sikeres, Erteke:0.2460513412952423
INFO:__main__:3068A register olvasasa sikeres, Erteke:-0.008096585050225258
INFO:__main__:3110A register olvasasa sikeres, Erteke:49.9783821105957
INFO:__main__:3196A register olvasasa sikeres, Erteke:1.3577855686183571e-36
INFO:__main__:3240A register olvasasa sikeres, Erteke:9
INFO:__main__:3208A register olvasasa sikeres, Erteke:9
INFO:__main__:3224A register olvasasa sikeres, Erteke:233
INFO:__main__:-------------------------------------------------
INFO:__main__:240.74221801757812 Feltoltve az adatbazisba!
INFO:__main__:0 Feltoltve az adatbazisba!
INFO:__main__:0 Feltoltve az adatbazisba!
INFO:__main__:1.022606372833252 Feltoltve az adatbazisba!
INFO:__main__:0 Feltoltve az adatbazisba!
INFO:__main__:0 Feltoltve az adatbazisba!
INFO:__main__:0.24618452787399292 Feltoltve az adatbazisba!
INFO:__main__:0.2460513412952423 Feltoltve az adatbazisba!
INFO:__main__:-0.008096585050225258 Feltoltve az adatbazisba!
INFO:__main__:49.9783821105957 Feltoltve az adatbazisba!
INFO:__main__:1.3577855686183571e-36 Feltoltve az adatbazisba!
INFO:__main__:9 Feltoltve az adatbazisba!
INFO:__main__:9 Feltoltve az adatbazisba!
INFO:__main__:233 Feltoltve az adatbazisba!
INFO:__main__:-------------------------------------------------
INFO:__main__:-------------------------------------------------
INFO:__main__:Az olvasas es feltoltes befejezodott, 1 perc varakozas!
INFO:__main__:Az olvasas megkezdodott!
INFO:__main__:-------------------------------------------------
INFO:__main__:3028A register olvasasa sikeres, Erteke:240.0200958251953
INFO:__main__:3030A register olvasasa sikeres, Erteke:0
INFO:__main__:3032A register olvasasa sikeres, Erteke:0
INFO:__main__:3000A register olvasasa sikeres, Erteke:1.0204635858535767
INFO:__main__:3002A register olvasasa sikeres, Erteke:0
INFO:__main__:3004A register olvasasa sikeres, Erteke:0
INFO:__main__:3076A register olvasasa sikeres, Erteke:0.24493175745010376
INFO:__main__:3060A register olvasasa sikeres, Erteke:0.2448010891675949
INFO:__main__:3068A register olvasasa sikeres, Erteke:-0.00800000037997961
INFO:__main__:3110A register olvasasa sikeres, Erteke:49.968143463134766
INFO:__main__:3196A register olvasasa sikeres, Erteke:1.3577855686183571e-36
INFO:__main__:3240A register olvasasa sikeres, Erteke:9
INFO:__main__:3208A register olvasasa sikeres, Erteke:9
INFO:__main__:3224A register olvasasa sikeres, Erteke:233
INFO:__main__:-------------------------------------------------
INFO:__main__:240.0200958251953 Feltoltve az adatbazisba!
INFO:__main__:0 Feltoltve az adatbazisba!
INFO:__main__:0 Feltoltve az adatbazisba!
INFO:__main__:1.0204635858535767 Feltoltve az adatbazisba!
INFO:__main__:0 Feltoltve az adatbazisba!
INFO:__main__:0 Feltoltve az adatbazisba!
INFO:__main__:0.24493175745010376 Feltoltve az adatbazisba!
INFO:__main__:0.2448010891675949 Feltoltve az adatbazisba!
INFO:__main__:-0.00800000037997961 Feltoltve az adatbazisba!
INFO:__main__:49.968143463134766 Feltoltve az adatbazisba!
INFO:__main__:1.3577855686183571e-36 Feltoltve az adatbazisba!
INFO:__main__:9 Feltoltve az adatbazisba!
INFO:__main__:9 Feltoltve az adatbazisba!
INFO:__main__:233 Feltoltve az adatbazisba!
INFO:__main__:-------------------------------------------------
INFO:__main__:-------------------------------------------------
INFO:__main__:Az olvasas es feltoltes befejezodott, 1 perc varakozas!
INFO:__main__:Az olvasas megkezdodott!
INFO:__main__:-------------------------------------------------
INFO:__main__:3028A register olvasasa sikeres, Erteke:238.09768676757812
INFO:__main__:3030A register olvasasa sikeres, Erteke:0
INFO:__main__:3032A register olvasasa sikeres, Erteke:0
INFO:__main__:3000A register olvasasa sikeres, Erteke:1.0151909589767456
INFO:__main__:3002A register olvasasa sikeres, Erteke:0
INFO:__main__:3004A register olvasasa sikeres, Erteke:0
INFO:__main__:3076A register olvasasa sikeres, Erteke:0.24171461164951324
INFO:__main__:3060A register olvasasa sikeres, Erteke:0.2415791004896164
INFO:__main__:3068A register olvasasa sikeres, Erteke:-0.008092724718153477
INFO:__main__:3110A register olvasasa sikeres, Erteke:50.005218505859375
INFO:__main__:3196A register olvasasa sikeres, Erteke:1.3577855686183571e-36
INFO:__main__:3240A register olvasasa sikeres, Erteke:9
INFO:__main__:3208A register olvasasa sikeres, Erteke:9
INFO:__main__:3224A register olvasasa sikeres, Erteke:234
INFO:__main__:-------------------------------------------------
INFO:__main__:238.09768676757812 Feltoltve az adatbazisba!
INFO:__main__:0 Feltoltve az adatbazisba!
INFO:__main__:0 Feltoltve az adatbazisba!
INFO:__main__:1.0151909589767456 Feltoltve az adatbazisba!
INFO:__main__:0 Feltoltve az adatbazisba!
INFO:__main__:0 Feltoltve az adatbazisba!
INFO:__main__:0.24171461164951324 Feltoltve az adatbazisba!
INFO:__main__:0.2415791004896164 Feltoltve az adatbazisba!
INFO:__main__:-0.008092724718153477 Feltoltve az adatbazisba!
INFO:__main__:50.005218505859375 Feltoltve az adatbazisba!
INFO:__main__:1.3577855686183571e-36 Feltoltve az adatbazisba!
INFO:__main__:9 Feltoltve az adatbazisba!
INFO:__main__:9 Feltoltve az adatbazisba!
INFO:__main__:234 Feltoltve az adatbazisba!
INFO:__main__:-------------------------------------------------
INFO:__main__:-------------------------------------------------
INFO:__main__:Az olvasas es feltoltes befejezodott, 1 perc varakozas!
INFO:__main__:Az olvasas megkezdodott!
INFO:__main__:-------------------------------------------------
INFO:__main__:3028A register olvasasa sikeres, Erteke:238.96615600585938
INFO:__main__:3030A register olvasasa sikeres, Erteke:0
INFO:__main__:3032A register olvasasa sikeres, Erteke:0
INFO:__main__:3000A register olvasasa sikeres, Erteke:1.0184473991394043
INFO:__main__:3002A register olvasasa sikeres, Erteke:0
INFO:__main__:3004A register olvasasa sikeres, Erteke:0
INFO:__main__:3076A register olvasasa sikeres, Erteke:0.24337446689605713
INFO:__main__:3060A register olvasasa sikeres, Erteke:0.2432437688112259
INFO:__main__:3068A register olvasasa sikeres, Erteke:-0.007974568754434586
INFO:__main__:3110A register olvasasa sikeres, Erteke:50.000022888183594
INFO:__main__:3196A register olvasasa sikeres, Erteke:1.3577855686183571e-36
INFO:__main__:3240A register olvasasa sikeres, Erteke:9
INFO:__main__:3208A register olvasasa sikeres, Erteke:9
INFO:__main__:3224A register olvasasa sikeres, Erteke:234
INFO:__main__:-------------------------------------------------
INFO:__main__:238.96615600585938 Feltoltve az adatbazisba!
INFO:__main__:0 Feltoltve az adatbazisba!
INFO:__main__:0 Feltoltve az adatbazisba!
INFO:__main__:1.0184473991394043 Feltoltve az adatbazisba!
INFO:__main__:0 Feltoltve az adatbazisba!
INFO:__main__:0 Feltoltve az adatbazisba!
INFO:__main__:0.24337446689605713 Feltoltve az adatbazisba!
INFO:__main__:0.2432437688112259 Feltoltve az adatbazisba!
INFO:__main__:-0.007974568754434586 Feltoltve az adatbazisba!
INFO:__main__:50.000022888183594 Feltoltve az adatbazisba!
INFO:__main__:1.3577855686183571e-36 Feltoltve az adatbazisba!
INFO:__main__:9 Feltoltve az adatbazisba!
INFO:__main__:9 Feltoltve az adatbazisba!
INFO:__main__:234 Feltoltve az adatbazisba!
INFO:__main__:-------------------------------------------------
INFO:__main__:-------------------------------------------------
INFO:__main__:Az olvasas es feltoltes befejezodott, 1 perc varakozas!
INFO:__main__:Kapcsolat bontva és adatkiolvasas LEALLITVA
